Entry;Source;Positiv;Negativ
POSITIVE;Henry2008;Positiv;
POSITIVES;Henry2008;Positiv;
SUCCESS;Henry2008;Positiv;
SUCCESSES;Henry2008;Positiv;
SUCCESSFUL;Henry2008;Positiv;
SUCCEED;Henry2008;Positiv;
SUCCEEDS;Henry2008;Positiv;
SUCCEEDING;Henry2008;Positiv;
SUCCEEDED;Henry2008;Positiv;
ACCOMPLISH;Henry2008;Positiv;
ACCOMPLISHES;Henry2008;Positiv;
ACCOMPLISHING;Henry2008;Positiv;
ACCOMPLISHED;Henry2008;Positiv;
ACCOMPLISHMENT;Henry2008;Positiv;
ACCOMPLISHMENTS;Henry2008;Positiv;
STRONG;Henry2008;Positiv;
STRENGTH;Henry2008;Positiv;
STRENGTHS;Henry2008;Positiv;
CERTAIN;Henry2008;Positiv;
CERTAINTY;Henry2008;Positiv;
DEFINITE;Henry2008;Positiv;
SOLID;Henry2008;Positiv;
EXCELLENT;Henry2008;Positiv;
GOOD;Henry2008;Positiv;
LEADING;Henry2008;Positiv;
ACHIEVE;Henry2008;Positiv;
ACHIEVES;Henry2008;Positiv;
ACHIEVED;Henry2008;Positiv;
ACHIEVING;Henry2008;Positiv;
ACHIEVEMENT;Henry2008;Positiv;
ACHIEVEMENTS;Henry2008;Positiv;
PROGRESS;Henry2008;Positiv;
PROGRESSING;Henry2008;Positiv;
DELIVER;Henry2008;Positiv;
DELIVERS;Henry2008;Positiv;
DELIVERED;Henry2008;Positiv;
DELIVERING;Henry2008;Positiv;
LEADER;Henry2008;Positiv;
LEADING;Henry2008;Positiv;
PLEASED;Henry2008;Positiv;
REWARD;Henry2008;Positiv;
REWARDS;Henry2008;Positiv;
REWARDING;Henry2008;Positiv;
REWARDED;Henry2008;Positiv;
OPPORTUNITY;Henry2008;Positiv;
OPPORTUNITIES;Henry2008;Positiv;
ENJOY;Henry2008;Positiv;
ENJOYS;Henry2008;Positiv;
ENJOYING;Henry2008;Positiv;
ENJOYED;Henry2008;Positiv;
ENCOURAGED;Henry2008;Positiv;
ENCOURAGING;Henry2008;Positiv;
UP;Henry2008;Positiv;
INCREASE;Henry2008;Positiv;
INCREASES;Henry2008;Positiv;
INCREASING;Henry2008;Positiv;
INCREASED;Henry2008;Positiv;
RISE;Henry2008;Positiv;
RISES;Henry2008;Positiv;
RISING;Henry2008;Positiv;
ROSE;Henry2008;Positiv;
RISEN;Henry2008;Positiv;
IMPROVE;Henry2008;Positiv;
IMPROVES;Henry2008;Positiv;
IMPROVING;Henry2008;Positiv;
IMPROVED;Henry2008;Positiv;
IMPROVEMENT;Henry2008;Positiv;
IMPROVEMENTS;Henry2008;Positiv;
STRENGTHEN;Henry2008;Positiv;
STRENGTHENS;Henry2008;Positiv;
STRENGTHENING;Henry2008;Positiv;
STRENGTHENED;Henry2008;Positiv;
STRONGER;Henry2008;Positiv;
STRONGEST;Henry2008;Positiv;
BETTER;Henry2008;Positiv;
BEST;Henry2008;Positiv;
MORE;Henry2008;Positiv;
MOST;Henry2008;Positiv;
ABOVE;Henry2008;Positiv;
RECORD;Henry2008;Positiv;
HIGH;Henry2008;Positiv;
HIGHER;Henry2008;Positiv;
HIGHEST;Henry2008;Positiv;
GREATER;Henry2008;Positiv;
GREATEST;Henry2008;Positiv;
LARGER;Henry2008;Positiv;
LARGEST;Henry2008;Positiv;
GROW;Henry2008;Positiv;
GROWS;Henry2008;Positiv;
GROWING;Henry2008;Positiv;
GREW;Henry2008;Positiv;
GROWN;Henry2008;Positiv;
GROWTH;Henry2008;Positiv;
EXPAND;Henry2008;Positiv;
EXPANDS;Henry2008;Positiv;
EXPANDING;Henry2008;Positiv;
EXPANDED;Henry2008;Positiv;
EXPANSION;Henry2008;Positiv;
EXCEED;Henry2008;Positiv;
EXCEEDS;Henry2008;Positiv;
EXCEEDED;Henry2008;Positiv;
EXCEEDING;Henry2008;Positiv;
BEAT;Henry2008;Positiv;
BEATS;Henry2008;Positiv;
BEATING;Henry2008;Positiv;
NEGATIVE;Henry2008;;Negativ
NEGATIVES;Henry2008;;Negativ
FAIL;Henry2008;;Negativ
FAILS;Henry2008;;Negativ
FAILING;Henry2008;;Negativ
FAILURE;Henry2008;;Negativ
WEAK;Henry2008;;Negativ
WEAKNESS;Henry2008;;Negativ
WEAKNESSES;Henry2008;;Negativ
DIFFICULT;Henry2008;;Negativ
DIFFICULTY;Henry2008;;Negativ
HURDLE;Henry2008;;Negativ
HURDLES;Henry2008;;Negativ
OBSTACLE;Henry2008;;Negativ
OBSTACLES;Henry2008;;Negativ
SLUMP;Henry2008;;Negativ
SLUMPS;Henry2008;;Negativ
SLUMPING;Henry2008;;Negativ
SLUMPED;Henry2008;;Negativ
UNCERTAIN;Henry2008;;Negativ
UNCERTAINTY;Henry2008;;Negativ
UNSETTLED;Henry2008;;Negativ
UNFAVORABLE;Henry2008;;Negativ
DOWNTURN;Henry2008;;Negativ
DEPRESSED;Henry2008;;Negativ
DISAPPOINT;Henry2008;;Negativ
DISAPPOINTS;Henry2008;;Negativ
DISAPPOINTING;Henry2008;;Negativ
DISAPPOINTED;Henry2008;;Negativ
DISAPPOINTMENT;Henry2008;;Negativ
RISK;Henry2008;;Negativ
RISKS;Henry2008;;Negativ
RISKY;Henry2008;;Negativ
THREAT;Henry2008;;Negativ
THREATS;Henry2008;;Negativ
PENALTY;Henry2008;;Negativ
PENALTIES;Henry2008;;Negativ
DOWN;Henry2008;;Negativ
DECREASE;Henry2008;;Negativ
DECREASES;Henry2008;;Negativ
DECREASING;Henry2008;;Negativ
DECREASED;Henry2008;;Negativ
DECLINE;Henry2008;;Negativ
DECLINES;Henry2008;;Negativ
DECLINING;Henry2008;;Negativ
DECLINED;Henry2008;;Negativ
FALL;Henry2008;;Negativ
FALLS;Henry2008;;Negativ
FALLING;Henry2008;;Negativ
FELL;Henry2008;;Negativ
FALLEN;Henry2008;;Negativ
DROP;Henry2008;;Negativ
DROPS;Henry2008;;Negativ
DROPPING;Henry2008;;Negativ
DROPPED;Henry2008;;Negativ
DETERIORATE;Henry2008;;Negativ
DETERIORATES;Henry2008;;Negativ
DETERIORATING;Henry2008;;Negativ
DETERIORATED;Henry2008;;Negativ
WORSEN;Henry2008;;Negativ
WORSENS;Henry2008;;Negativ
WORSENING;Henry2008;;Negativ
WEAKEN;Henry2008;;Negativ
WEAKENS;Henry2008;;Negativ
WEAKENING;Henry2008;;Negativ
WEAKENED;Henry2008;;Negativ
WORSE;Henry2008;;Negativ
WORST;Henry2008;;Negativ
LOW;Henry2008;;Negativ
LOWER;Henry2008;;Negativ
LOWEST;Henry2008;;Negativ
LESS;Henry2008;;Negativ
LEAST;Henry2008;;Negativ
SMALLER;Henry2008;;Negativ
SMALLEST;Henry2008;;Negativ
SHRINK;Henry2008;;Negativ
SHRINKS;Henry2008;;Negativ
SHRINKING;Henry2008;;Negativ
SHRUNK;Henry2008;;Negativ
BELOW;Henry2008;;Negativ
UNDER;Henry2008;;Negativ
CHALLENGE;Henry2008;;Negativ
CHALLENGES;Henry2008;;Negativ
CHALLENGING;Henry2008;;Negativ
CHALLENGED;Henry2008;;Negativ
