name;Reuthers Total Market Index Mnemonic
Argentina;TOTMKAR
Australia;TOTMKAU
Austria;TOTMKOE
Belgium;TOTMKBG
Brazil;TOTMKBR
Bulgaria;TOTMKBL
Canada;TOTMKCN
Chile;TOTMKCL
China;TOTMKCA
Colombia;TOTMKCB
Cyprus;TOTMKCP
Czech Republic;TOTMKCZ
Denmark;TOTMKDK
Finland;TOTMKFN
France;TOTMKFR
Germany;TOTMKBD
Greece;TOTMKGR
Hungary;TOTMKHN
India;TOTMKIN
Indonesia;TOTMKID
Ireland;TOTMKIR
Israel;TOTMKIS
Italy;TOTMKIT
Japan;TOTMKJP
South Korea;TOTMKKO
Luxembourg;TOTMKLX
Malaysia;TOTMKMY
Mexico;TOTMKMX
Netherlands;TOTMKNL
New Zealand;TOTMKNZ
Norway;TOTMKNW
Pakistan;TOTMKPK
Philippines;TOTMKPH
Peru;TOTMKPE
Poland;TOTMKPO
Portugal;TOTMKPT
Romania;TOTMKRM
Russia;TOTMKRS
Singapore;TOTMKSG
Slovenia;TOTMKSJ
South Africa;TOTMKSA
Spain;TOTMKES
Sri Lanka;TOTMKCY
Sweden;TOTMKSD
Switzerland;TOTMKSW
Taiwan;TOTMKTA
Thailand;TOTMKTH
Turkey;TOTMKTK
United Kingdom (UK);TOTMKUK
United States of America (USA);TOTMKUS
Venezuela;TOTMKVE
World;TOTMKWD
