country_name;region_name
Afghanistan;EMEA
Albania;EMEA
Algeria;EMEA
Andorra;EMEA
Angola;EMEA
Antigua and Barbuda;AMER
Argentina;AMER
Armenia;EMEA
Australia;APAC
Austria;EMEA
Azerbaijan;EMEA
Bahamas;AMER
Bahrain;EMEA
Bangladesh;APAC
Barbados;AMER
Belarus;EMEA
Belgium;EMEA
Belize;AMER
Benin;EMEA
Bhutan;APAC
Bolivia;AMER
Bosnia and Herzegovina;EMEA
Botswana;EMEA
Brazil;AMER
Brunei;APAC
Bulgaria;EMEA
Burkina Faso;EMEA
Burundi;EMEA
Cabo Verde;EMEA
Cambodia;APAC
Cameroon;EMEA
Canada;AMER
Central African Republic (CAR);EMEA
Chad;EMEA
Chile;AMER
China;APAC
Colombia;AMER
Comoros;EMEA
Costa Rica;AMER
Cote d'Ivoire;EMEA
Croatia;EMEA
Cuba;AMER
Cyprus;EMEA
Czech Republic;EMEA
Democratic Republic of the Congo;EMEA
Denmark;EMEA
Djibouti;EMEA
Dominica;AMER
Dominican Republic;AMER
Ecuador;AMER
Egypt;EMEA
El Salvador;AMER
Equatorial Guinea;EMEA
Eritrea;EMEA
Estonia;EMEA
Ethiopia;EMEA
Fiji;APAC
Finland;EMEA
France;EMEA
Gabon;EMEA
Gambia;EMEA
Georgia;EMEA
Germany;EMEA
Ghana;EMEA
Greece;EMEA
Grenada;AMER
Guatemala;AMER
Guinea;EMEA
Guinea-Bissau;EMEA
Guyana;AMER
Haiti;AMER
Honduras;AMER
Hungary;EMEA
Iceland;EMEA
India;APAC
Indonesia;APAC
Iran;EMEA
Iraq;EMEA
Ireland;EMEA
Israel;EMEA
Italy;EMEA
Jamaica;AMER
Japan;APAC
Jordan;EMEA
Kazakhstan;EMEA
Kenya;EMEA
Kiribati;APAC
Kosovo;EMEA
Kuwait;EMEA
Kyrgyzstan;EMEA
Laos;APAC
Latvia;EMEA
Lebanon;EMEA
Lesotho;EMEA
Liberia;EMEA
Libya;EMEA
Liechtenstein;EMEA
Lithuania;EMEA
Luxembourg;EMEA
Macedonia (FYROM);EMEA
Madagascar;EMEA
Malawi;EMEA
Malaysia;APAC
Maldives;APAC
Mali;EMEA
Malta;EMEA
Marshall Islands;APAC
Mauritania;EMEA
Mauritius;EMEA
Mexico;AMER
Micronesia;APAC
Moldova;EMEA
Monaco;EMEA
Mongolia;APAC
Montenegro;EMEA
Morocco;EMEA
Mozambique;EMEA
Myanmar (Burma);APAC
Namibia;EMEA
Nauru;APAC
Nepal;APAC
Netherlands;EMEA
New Zealand;APAC
Nicaragua;AMER
Niger;EMEA
Nigeria;EMEA
North Korea;APAC
Norway;EMEA
Oman;EMEA
Pakistan;APAC
Palau;APAC
Palestine;EMEA
Panama;AMER
Papua New Guinea;APAC
Paraguay;AMER
Peru;AMER
Philippines;APAC
Poland;EMEA
Portugal;EMEA
Qatar;EMEA
Republic of the Congo;EMEA
Romania;EMEA
Russia;EMEA
Rwanda;EMEA
Saint Kitts and Nevis;AMER
Saint Lucia;AMER
Saint Vincent and the Grenadines;AMER
Samoa;APAC
San Marino;EMEA
Sao Tome and Principe;EMEA
Saudi Arabia;EMEA
Scotland;EMEA
Senegal;EMEA
Serbia;EMEA
Seychelles;EMEA
Sierra Leone;EMEA
Singapore;APAC
Slovakia;EMEA
Slovenia;EMEA
Solomon Islands;APAC
Somalia;EMEA
South Africa;EMEA
South Korea;APAC
South Sudan;EMEA
Spain;EMEA
Sri Lanka;APAC
Sudan;EMEA
Suriname;AMER
Swaziland;EMEA
Sweden;EMEA
Switzerland;EMEA
Syria;EMEA
Taiwan;APAC
Tajikistan;EMEA
Tanzania;EMEA
Thailand;APAC
Timor-Leste;APAC
Togo;EMEA
Tonga;APAC
Trinidad and Tobago;AMER
Tunisia;EMEA
Turkey;EMEA
Turkmenistan;EMEA
Tuvalu;APAC
Uganda;EMEA
Ukraine;EMEA
United Arab Emirates (UAE);EMEA
United Kingdom (UK);EMEA
United States of America (USA);AMER
Uruguay;AMER
Uzbekistan;EMEA
Vanuatu;APAC
Vatican City (Holy See);EMEA
Venezuela;AMER
Vietnam;APAC
Yemen;EMEA
Zambia;EMEA
Zimbabwe;EMEA
