comp_id;brand_id;year
1;3;total
2;5;total
3;6;total
4;7;total
5;8;total
6;9;total
7;10;total
8;11;total
9;12;total
10;14;total
11;15;total
12;16;total
13;17;total
14;19;total
15;20;total
16;21;total
17;22;total
18;23;total
19;24;total
20;25;total
21;26;total
22;27;total
23;28;total
24;29;total
25;30;total
26;31;total
27;32;total
28;33;total
29;34;total
30;35;total
31;36;total
32;37;total
33;38;total
34;39;total
35;40;total
36;41;total
37;42;total
38;43;total
39;44;total
40;45;total
41;46;total
31;47;total
42;48;total
43;49;total
42;50;total
44;51;total
45;4;total
46;54;total
47;55;total
42;53;total
48;57;total
50;59;total
51;60;total
52;61;total
53;62;total
42;64;total
54;66;total
55;69;total
56;71;total
57;72;total
42;73;total
58;74;total
59;75;total
60;77;total
61;78;total
62;80;total
63;81;total
64;82;total
49;83;total
65;84;total
66;86;total
67;87;total
68;88;total
69;89;total
70;90;total
71;92;total
72;93;total
73;94;total
74;95;total
75;96;total
76;97;total
77;98;total
78;99;total
19;101;total
79;105;total
80;106;total
81;108;total
82;109;total
83;111;total
42;112;total
84;113;total
85;120;total
86;121;total
87;122;total
88;123;total
89;124;total
90;125;total
91;126;total
92;125;total
45;128;total
93;129;total
94;130;total
95;131;total
96;132;total
97;133;total
98;134;total
99;135;total
100;136;total
101;137;total
102;138;total
103;140;total
104;141;total
105;142;total
106;143;total
107;146;total
108;150;total
109;152;total
110;153;total
111;154;total
112;156;total
113;157;total
114;158;total
115;161;total
116;162;total
117;163;total
118;164;total
119;169;total
120;170;total
121;173;total
122;175;total
123;176;total
19;177;total
124;178;total
125;182;total
126;183;total
127;185;total
128;186;total
129;187;total
130;190;total
131;192;total
132;194;total
133;196;total
134;198;total
34;197;total
135;205;total
136;206;total
137;207;total
138;208;total
139;210;total
140;212;total
141;213;total
142;214;total
143;215;total
144;216;total
145;217;total
146;218;total
147;219;total
148;220;total
149;222;total
150;223;total
151;224;total
152;226;total
153;227;total
154;228;total
155;230;total
156;231;total
157;232;total
158;233;total
159;236;total
160;237;total
49;238;total
161;239;total
162;241;total
163;243;total
164;244;total
165;245;total
166;246;total
167;247;total
168;254;total
169;255;total
170;257;total
171;258;total
172;260;total
173;261;total
174;262;total
175;263;total
176;266;total
177;267;total
178;269;total
179;270;total
180;271;total
181;273;total
182;274;total
183;275;total
184;277;total
185;280;total
186;281;total
187;282;total
188;283;total
189;284;total
190;285;total
191;287;total
192;288;total
193;289;total
194;290;total
195;291;total
196;292;total
197;293;total
198;294;total
199;295;total
200;296;total
201;297;total
202;299;total
203;300;total
204;302;total
205;303;total
206;304;total
207;305;total
208;306;total
209;307;total
210;310;total
211;311;total
31;312;total
212;313;total
213;314;total
214;315;total
215;316;total
216;317;total
217;318;total
218;319;total
219;320;total
42;308;total
156;309;total
92;298;total
220;286;total
31;272;total
92;264;total
31;265;total
42;259;total
221;256;total
222;253;total
42;252;2000-23.02.2010
183;252;23.02.2010-13.06.2012
223;251;total
224;251;total
225;250;total
34;249;total
226;248;total
227;240;total
229;235;2000-01.08.2012
31;235;01.08.2012-rest
42;234;total
49;229;total
228;225;total
230;204;total
231;202;total
203;96;total
232;199;total
233;200;total
234;201;total
212;181;total
235;172;total
236;172;total
92;171;total
228;159;total
237;151;total
238;100;2000-12.10.2014
239;100;12.10.2014-rest
240;91;total
238;2;2000-12.10.2014
239;2;12.10.2014-rest
238;13;2000-12.10.2014
239;13;12.10.2014-rest
42;127;total
241;115;total
42;114;total
238;167;2000-12.10.2014
239;167;12.10.2014-rest
242;179;total
238;184;2000-12.10.2014
239;184;12.10.2014-rest
243;102;total
244;103;total
245;117;total
10;116;total
246;52;total
247;67;total
247;56;2000-03.08.2007
238;56;10.06.2009-12.10.2014
239;56;12.10.2014-rest
247;68;total
247;301;total
247;278;total
247;191;total
247;193;total
247;18;total
247;104;total
247;107;total
49;58;total
247;79;2000-03.08.2007
238;79;10.06.2009-12.10.2014
239;79;12.10.2014-rest
247;110;2000-03.08.2007
238;110;10.06.2009-12.10.2014
239;110;12.10.2014-rest
247;149;2000-03.08.2007
238;149;10.06.2009-12.10.2014
239;149;12.10.2014-rest
247;189;2000-03.08.2007
238;189;10.06.2009-12.10.2014
239;189;12.10.2014-rest
247;242;2000-03.08.2007
238;242;10.06.2009-12.10.2014
239;242;12.10.2014-rest
248;279;total
249;276;total
42;221;total
164;63;total
250;70;total
250;139;total
250;148;total
250;211;total
22;144;total
215;188;total
22;166;total
252;160;total
253;145;2011-rest
19;147;2000-2007
191;147;2007-rest
19;165;total
19;168;2000-2007
191;168;2007-rest
228;65;total
254;119;total
255;325;total
256;326;total
257;328;total
258;329;total
259;330;total
260;331;total
261;332;total
262;333;total
263;334;total
264;335;total
265;336;total
266;337;total
267;341;total
268;344;total
269;345;total
270;347;total
271;350;total
272;353;total
273;358;total
274;365;total
275;371;total
276;373;total
277;377;total
278;378;total
279;379;total
280;381;total
281;385;total
282;390;total
283;392;total
284;393;total
285;394;total
286;396;total
287;398;total
288;399;total
289;400;total
290;401;total
291;402;total
292;403;total
293;404;total
294;405;total
295;407;total
296;408;total
297;409;total
298;412;total
299;413;total
300;414;total
301;415;total
302;416;total
303;417;total
304;418;total
305;419;total
306;420;total
307;421;total
308;422;total
309;423;total
310;425;total
311;426;total
312;427;total
313;428;total
314;429;total
315;430;total
316;432;total
317;433;total
318;434;total
319;435;total
320;437;total
321;438;total
322;439;total
323;440;total
324;441;total
325;442;total
326;443;total
327;444;total
328;445;total
329;446;total
330;447;total
331;448;total
332;449;total
333;450;total
334;451;total
335;452;total
336;453;total
337;454;total
338;455;total
339;456;total
