article_number;source_mag;paragraphs;lists;images
0;Gas2ORG;24;0;1
1;Gas2ORG;16;0;2
2;Gas2ORG;13;0;1
3;Gas2ORG;13;0;1
4;Gas2ORG;68;0;11
5;Gas2ORG;10;0;1
6;Gas2ORG;9;0;1
7;Gas2ORG;13;0;1
8;Gas2ORG;24;0;2
9;Gas2ORG;7;0;7
10;Gas2ORG;8;0;1
11;Gas2ORG;11;0;4
12;Gas2ORG;12;0;1
13;Gas2ORG;25;1;1
14;Gas2ORG;50;0;1
15;Gas2ORG;24;0;1
16;Gas2ORG;11;0;1
17;Gas2ORG;19;0;0
18;Gas2ORG;9;0;1
19;Gas2ORG;19;0;1
20;Gas2ORG;14;0;1
21;Gas2ORG;18;0;1
22;Gas2ORG;11;0;1
23;Gas2ORG;13;1;1
24;Gas2ORG;14;0;1
25;Gas2ORG;15;0;1
26;Gas2ORG;15;0;0
27;Gas2ORG;22;0;1
28;Gas2ORG;12;0;1
29;Gas2ORG;38;1;9
30;Gas2ORG;15;0;5
31;Gas2ORG;18;0;1
32;Gas2ORG;32;1;1
33;Gas2ORG;11;0;2
34;Gas2ORG;11;0;1
35;Gas2ORG;20;0;7
36;Gas2ORG;12;0;3
37;Gas2ORG;10;0;2
38;Gas2ORG;8;0;1
39;Gas2ORG;10;0;2
40;Gas2ORG;8;0;1
41;Gas2ORG;11;0;1
42;Gas2ORG;13;0;1
43;Gas2ORG;24;0;5
44;Gas2ORG;9;0;3
45;Gas2ORG;11;0;1
46;Gas2ORG;8;1;1
47;Gas2ORG;10;0;1
48;Gas2ORG;14;0;1
49;Gas2ORG;18;0;1
50;Gas2ORG;12;0;0
51;Gas2ORG;9;0;1
52;Gas2ORG;8;0;1
53;Gas2ORG;14;0;3
54;Gas2ORG;8;0;1
55;Gas2ORG;10;0;1
56;Gas2ORG;11;0;1
57;Gas2ORG;33;0;2
58;Gas2ORG;12;0;1
59;Gas2ORG;9;0;1
60;Gas2ORG;24;0;1
61;Gas2ORG;13;0;2
62;Gas2ORG;27;0;2
63;Gas2ORG;11;0;4
64;Gas2ORG;19;0;1
65;Gas2ORG;12;0;3
66;Gas2ORG;16;0;1
67;Gas2ORG;12;0;3
68;Gas2ORG;9;0;1
69;Gas2ORG;9;0;1
70;Gas2ORG;36;0;1
71;Gas2ORG;10;0;1
72;Gas2ORG;11;0;38
73;Gas2ORG;11;0;2
74;Gas2ORG;8;0;1
75;Gas2ORG;13;0;2
76;Gas2ORG;12;0;2
77;Gas2ORG;10;0;1
78;Gas2ORG;16;1;4
79;Gas2ORG;12;0;5
80;Gas2ORG;12;0;4
81;Gas2ORG;11;1;3
82;Gas2ORG;31;0;6
83;Gas2ORG;8;0;1
84;Gas2ORG;14;0;2
85;Gas2ORG;17;0;1
86;Gas2ORG;14;0;1
87;Gas2ORG;9;0;1
88;Gas2ORG;8;0;1
89;Gas2ORG;7;0;1
90;Gas2ORG;13;0;3
91;Gas2ORG;10;0;1
92;Gas2ORG;25;0;19
93;Gas2ORG;10;0;4
94;Gas2ORG;13;0;1
95;Gas2ORG;15;0;1
96;Gas2ORG;14;0;1
97;Gas2ORG;8;1;7
98;Gas2ORG;11;0;1
99;Gas2ORG;13;0;3
100;Gas2ORG;10;0;3
101;Gas2ORG;11;0;1
102;Gas2ORG;10;0;1
103;Gas2ORG;10;0;3
104;Gas2ORG;6;0;2
105;Gas2ORG;8;0;2
106;Gas2ORG;17;1;1
107;Gas2ORG;27;0;7
108;Gas2ORG;13;0;1
109;Gas2ORG;17;0;6
110;Gas2ORG;9;0;1
111;Gas2ORG;11;0;11
112;Gas2ORG;12;0;1
113;Gas2ORG;13;0;1
114;Gas2ORG;9;0;1
115;Gas2ORG;21;0;3
116;Gas2ORG;12;0;1
117;Gas2ORG;10;0;3
118;Gas2ORG;13;0;1
119;Gas2ORG;23;0;3
120;Gas2ORG;11;0;1
121;Gas2ORG;11;0;1
122;Gas2ORG;9;0;1
123;Gas2ORG;22;0;3
124;Gas2ORG;20;0;2
125;Gas2ORG;10;0;1
126;Gas2ORG;9;0;1
127;Gas2ORG;10;0;1
128;Gas2ORG;25;0;2
129;Gas2ORG;17;0;1
130;Gas2ORG;12;0;1
131;Gas2ORG;17;1;1
132;Gas2ORG;8;0;1
133;Gas2ORG;20;0;1
134;Gas2ORG;12;0;2
135;Gas2ORG;14;0;1
136;Gas2ORG;12;0;1
137;Gas2ORG;13;0;3
138;Gas2ORG;8;0;1
139;Gas2ORG;13;0;2
140;Gas2ORG;7;0;1
141;Gas2ORG;7;0;1
142;Gas2ORG;6;0;1
143;Gas2ORG;40;0;20
144;Gas2ORG;12;0;1
145;Gas2ORG;10;0;0
146;Gas2ORG;16;0;1
147;Gas2ORG;17;0;12
148;Gas2ORG;9;0;0
149;Gas2ORG;6;0;1
150;Gas2ORG;6;0;1
151;Gas2ORG;15;0;1
152;Gas2ORG;7;0;1
153;Gas2ORG;12;0;1
154;Gas2ORG;12;0;2
155;Gas2ORG;12;0;2
156;Gas2ORG;11;0;1
157;Gas2ORG;11;0;1
158;Gas2ORG;17;0;3
159;Gas2ORG;7;0;1
160;Gas2ORG;33;0;6
161;Gas2ORG;14;0;2
162;Gas2ORG;21;0;12
163;Gas2ORG;9;0;1
164;Gas2ORG;17;0;1
165;Gas2ORG;17;0;1
166;Gas2ORG;10;0;1
167;Gas2ORG;14;1;1
168;Gas2ORG;11;0;1
169;Gas2ORG;15;0;1
170;Gas2ORG;18;0;2
171;Gas2ORG;8;0;4
172;Gas2ORG;20;1;1
173;Gas2ORG;8;0;1
174;Gas2ORG;9;0;2
175;Gas2ORG;16;0;1
176;Gas2ORG;10;0;0
177;Gas2ORG;16;0;1
178;Gas2ORG;20;0;1
179;Gas2ORG;16;0;0
180;Gas2ORG;8;0;1
181;Gas2ORG;5;0;1
182;Gas2ORG;9;0;2
183;Gas2ORG;10;0;1
184;Gas2ORG;8;0;1
185;Gas2ORG;9;0;1
186;Gas2ORG;7;0;1
187;Gas2ORG;11;0;2
188;Gas2ORG;9;0;1
189;Gas2ORG;13;0;1
190;Gas2ORG;8;0;1
191;Gas2ORG;12;0;2
192;Gas2ORG;9;0;1
193;Gas2ORG;9;0;2
194;Gas2ORG;17;1;1
195;Gas2ORG;29;0;7
196;Gas2ORG;11;0;2
197;Gas2ORG;8;0;1
198;Gas2ORG;39;18;2
199;Gas2ORG;12;0;1
200;Gas2ORG;19;1;1
201;Gas2ORG;13;0;1
202;Gas2ORG;19;0;3
203;Gas2ORG;11;0;2
204;Gas2ORG;11;0;1
205;Gas2ORG;10;0;1
206;Gas2ORG;14;0;2
207;Gas2ORG;11;0;1
208;Gas2ORG;10;0;0
209;Gas2ORG;13;0;2
210;Gas2ORG;20;1;1
211;Gas2ORG;21;0;9
212;Gas2ORG;15;0;1
213;Gas2ORG;12;0;4
214;Gas2ORG;15;0;2
215;Gas2ORG;10;0;1
216;Gas2ORG;12;0;1
217;Gas2ORG;15;0;4
218;Gas2ORG;12;0;1
219;Gas2ORG;15;0;1
220;Gas2ORG;18;0;1
221;Gas2ORG;10;0;0
222;Gas2ORG;14;0;6
223;Gas2ORG;39;0;2
224;Gas2ORG;12;0;2
225;Gas2ORG;11;0;1
226;Gas2ORG;11;0;1
227;Gas2ORG;15;0;1
228;Gas2ORG;8;0;1
229;Gas2ORG;11;0;1
230;Gas2ORG;12;0;1
231;Gas2ORG;12;0;1
232;Gas2ORG;11;0;1
233;Gas2ORG;7;0;1
234;Gas2ORG;12;0;2
235;Gas2ORG;27;0;1
236;Gas2ORG;11;0;1
237;Gas2ORG;16;0;1
238;Gas2ORG;14;0;1
239;Gas2ORG;13;0;1
240;Gas2ORG;12;0;1
241;Gas2ORG;14;0;1
242;Gas2ORG;15;0;1
243;Gas2ORG;16;0;1
244;Gas2ORG;49;0;1
245;Gas2ORG;10;0;1
246;Gas2ORG;14;0;1
247;Gas2ORG;14;0;1
248;Gas2ORG;8;0;2
249;Gas2ORG;19;0;2
250;Gas2ORG;11;0;1
251;Gas2ORG;11;3;3
252;Gas2ORG;10;1;2
253;Gas2ORG;17;0;1
254;Gas2ORG;9;0;1
255;Gas2ORG;13;0;2
256;Gas2ORG;16;3;1
257;Gas2ORG;12;0;1
258;Gas2ORG;9;0;1
259;Gas2ORG;14;0;1
260;Gas2ORG;14;0;1
261;Gas2ORG;10;0;2
262;Gas2ORG;13;0;1
263;Gas2ORG;10;0;1
264;Gas2ORG;17;0;1
265;Gas2ORG;15;0;1
266;Gas2ORG;12;0;2
267;Gas2ORG;14;0;1
268;Gas2ORG;9;0;2
269;Gas2ORG;13;0;1
270;Gas2ORG;8;0;1
271;Gas2ORG;14;0;1
272;Gas2ORG;15;0;1
273;Gas2ORG;21;2;1
274;Gas2ORG;12;0;1
275;Gas2ORG;14;0;1
276;Gas2ORG;13;0;1
277;Gas2ORG;10;0;1
278;Gas2ORG;16;0;1
279;Gas2ORG;14;0;1
280;Gas2ORG;18;0;1
281;Gas2ORG;10;0;1
282;Gas2ORG;9;0;1
283;Gas2ORG;16;0;1
284;Gas2ORG;16;0;2
285;Gas2ORG;8;0;1
286;Gas2ORG;18;0;1
287;Gas2ORG;12;0;1
288;Gas2ORG;13;0;1
289;Gas2ORG;13;0;1
290;Gas2ORG;21;1;2
291;Gas2ORG;12;0;1
292;Gas2ORG;11;0;1
293;Gas2ORG;16;0;1
294;Gas2ORG;20;0;1
295;Gas2ORG;12;0;1
296;Gas2ORG;11;0;1
297;Gas2ORG;9;0;1
298;Gas2ORG;13;0;2
299;Gas2ORG;18;0;2
300;Gas2ORG;11;0;1
301;Gas2ORG;12;0;1
302;Gas2ORG;32;0;4
303;Gas2ORG;48;0;9
304;Gas2ORG;31;0;7
305;Gas2ORG;23;3;4
306;Gas2ORG;55;39;13
307;Gas2ORG;57;1;20
308;Gas2ORG;16;0;2
309;Gas2ORG;23;0;4
310;Gas2ORG;15;0;5
311;Gas2ORG;31;0;4
312;Gas2ORG;14;0;1
313;Gas2ORG;13;1;1
314;Gas2ORG;16;0;1
315;Gas2ORG;13;0;1
316;Gas2ORG;12;0;1
317;Gas2ORG;11;0;1
318;Gas2ORG;9;0;2
319;Gas2ORG;11;0;1
320;Gas2ORG;10;0;1
321;Gas2ORG;10;0;1
322;Gas2ORG;15;0;1
323;Gas2ORG;11;0;1
324;Gas2ORG;10;0;1
325;Gas2ORG;20;0;1
326;Gas2ORG;10;0;1
327;Gas2ORG;8;0;1
328;Gas2ORG;13;0;1
329;Gas2ORG;13;0;1
330;Gas2ORG;18;0;1
331;Gas2ORG;48;0;13
332;Gas2ORG;17;0;1
333;Gas2ORG;22;1;3
334;Gas2ORG;17;0;1
335;Gas2ORG;16;0;1
336;Gas2ORG;16;0;1
337;Gas2ORG;16;0;3
338;Gas2ORG;16;0;2
339;Gas2ORG;8;0;1
340;Gas2ORG;10;0;1
341;Gas2ORG;9;0;2
342;Gas2ORG;9;0;1
343;Gas2ORG;24;0;1
344;Gas2ORG;11;0;2
345;Gas2ORG;20;0;1
346;Gas2ORG;8;0;1
347;Gas2ORG;11;0;1
348;Gas2ORG;10;0;1
349;Gas2ORG;9;0;1
350;Gas2ORG;14;0;1
351;Gas2ORG;18;0;1
352;Gas2ORG;10;1;1
353;Gas2ORG;12;0;1
354;Gas2ORG;16;0;2
355;Gas2ORG;10;0;1
356;Gas2ORG;21;0;1
357;Gas2ORG;14;0;1
358;Gas2ORG;10;0;1
359;Gas2ORG;8;0;1
360;Gas2ORG;9;0;1
361;Gas2ORG;21;0;1
362;Gas2ORG;21;0;2
363;Gas2ORG;19;0;1
364;Gas2ORG;11;1;1
365;Gas2ORG;11;0;1
366;Gas2ORG;8;0;1
367;Gas2ORG;13;0;1
368;Gas2ORG;10;0;1
369;Gas2ORG;8;0;1
370;Gas2ORG;9;0;1
371;Gas2ORG;12;0;1
372;Gas2ORG;12;0;0
373;Gas2ORG;11;0;1
374;Gas2ORG;9;0;1
375;Gas2ORG;13;0;2
376;Gas2ORG;21;0;1
377;Gas2ORG;15;0;1
378;Gas2ORG;9;0;5
379;Gas2ORG;10;0;1
380;Gas2ORG;9;0;1
381;Gas2ORG;11;0;1
382;Gas2ORG;10;0;1
383;Gas2ORG;31;0;1
384;Gas2ORG;8;0;1
385;Gas2ORG;10;0;1
386;Gas2ORG;8;0;1
387;Gas2ORG;12;0;1
388;Gas2ORG;7;0;1
389;Gas2ORG;8;1;2
390;Gas2ORG;13;0;1
391;Gas2ORG;9;0;1
392;Gas2ORG;11;0;1
393;Gas2ORG;38;0;4
394;Gas2ORG;10;0;1
395;Gas2ORG;12;0;1
396;Gas2ORG;34;0;1
397;Gas2ORG;8;0;1
398;Gas2ORG;12;0;2
399;Gas2ORG;11;0;1
400;Gas2ORG;11;0;1
401;Gas2ORG;9;0;1
402;Gas2ORG;10;0;1
403;Gas2ORG;9;0;1
404;Gas2ORG;8;0;1
405;Gas2ORG;17;0;1
406;Gas2ORG;9;0;1
407;Gas2ORG;8;0;0
408;Gas2ORG;10;0;0
409;Gas2ORG;8;0;1
410;Gas2ORG;11;0;1
411;Gas2ORG;11;0;1
412;Gas2ORG;10;0;1
413;Gas2ORG;15;0;1
414;Gas2ORG;7;0;1
415;Gas2ORG;8;0;1
416;Gas2ORG;9;0;1
417;Gas2ORG;12;0;1
418;Gas2ORG;10;0;1
419;Gas2ORG;15;0;1
420;Gas2ORG;11;0;1
421;Gas2ORG;11;0;1
422;Gas2ORG;10;0;1
423;Gas2ORG;7;0;1
424;Gas2ORG;20;0;1
425;Gas2ORG;16;0;2
426;Gas2ORG;12;0;1
427;Gas2ORG;13;0;1
428;Gas2ORG;14;0;1
429;Gas2ORG;12;0;1
430;Gas2ORG;8;0;1
431;Gas2ORG;16;0;1
432;Gas2ORG;11;0;0
433;Gas2ORG;10;0;1
434;Gas2ORG;14;0;1
435;Gas2ORG;12;0;2
436;Gas2ORG;10;0;1
437;Gas2ORG;13;0;1
438;Gas2ORG;17;0;1
439;Gas2ORG;14;0;1
440;Gas2ORG;10;0;1
441;Gas2ORG;12;0;2
442;Gas2ORG;10;0;1
443;Gas2ORG;13;0;1
444;Gas2ORG;9;0;1
445;Gas2ORG;12;0;4
446;Gas2ORG;12;0;3
447;Gas2ORG;9;0;1
448;Gas2ORG;12;0;1
449;Gas2ORG;13;0;1
450;Gas2ORG;11;0;1
451;Gas2ORG;31;1;1
452;Gas2ORG;8;0;1
453;Gas2ORG;13;0;1
454;Gas2ORG;14;0;1
455;Gas2ORG;9;0;1
456;Gas2ORG;12;0;1
457;Gas2ORG;13;0;1
458;Gas2ORG;11;0;2
459;Gas2ORG;10;0;1
460;Gas2ORG;16;1;1
461;Gas2ORG;9;0;1
462;Gas2ORG;11;0;3
463;Gas2ORG;22;0;10
464;Gas2ORG;12;0;2
465;Gas2ORG;14;0;1
466;Gas2ORG;13;0;1
467;Gas2ORG;12;0;2
468;Gas2ORG;39;0;10
469;Gas2ORG;9;0;1
470;Gas2ORG;11;0;2
471;Gas2ORG;15;0;1
472;Gas2ORG;9;0;1
473;Gas2ORG;7;0;1
474;Gas2ORG;8;0;1
475;Gas2ORG;11;0;1
476;Gas2ORG;10;0;1
477;Gas2ORG;12;0;1
478;Gas2ORG;11;0;1
479;Gas2ORG;9;0;1
480;Gas2ORG;27;0;5
481;Gas2ORG;15;0;1
482;Gas2ORG;13;0;1
483;Gas2ORG;9;0;1
484;Gas2ORG;11;0;2
485;Gas2ORG;8;0;1
486;Gas2ORG;18;0;2
487;Gas2ORG;9;0;1
488;Gas2ORG;8;2;1
489;Gas2ORG;8;0;1
490;Gas2ORG;16;0;1
491;Gas2ORG;14;0;5
492;Gas2ORG;13;0;1
493;Gas2ORG;9;0;1
494;Gas2ORG;20;0;3
495;Gas2ORG;12;0;1
