article_number;source_mag;paragraphs;lists;images
0;TechXplore;16;0;1
1;TechXplore;15;0;1
2;TechXplore;24;0;1
3;TechXplore;8;0;3
4;TechXplore;10;0;1
5;TechXplore;15;0;1
6;TechXplore;19;0;1
7;TechXplore;11;0;1
8;TechXplore;18;0;1
9;TechXplore;10;0;1
10;TechXplore;11;0;2
11;TechXplore;17;0;1
12;TechXplore;10;0;1
13;TechXplore;10;0;1
14;TechXplore;16;0;1
15;TechXplore;17;0;1
16;TechXplore;21;0;1
17;TechXplore;17;0;3
18;TechXplore;8;0;1
19;TechXplore;16;0;2
20;TechXplore;18;0;1
21;TechXplore;22;0;2
22;TechXplore;17;0;3
23;TechXplore;36;0;4
24;TechXplore;16;0;1
25;TechXplore;9;0;1
26;TechXplore;7;0;1
27;TechXplore;13;0;1
28;TechXplore;6;0;1
29;TechXplore;23;0;2
30;TechXplore;8;0;1
31;TechXplore;9;0;1
32;TechXplore;28;1;1
33;TechXplore;14;0;1
34;TechXplore;14;0;1
35;TechXplore;11;0;1
36;TechXplore;18;0;1
37;TechXplore;20;0;4
38;TechXplore;10;0;1
39;TechXplore;13;0;1
40;TechXplore;11;0;2
41;TechXplore;20;0;1
42;TechXplore;4;0;1
43;TechXplore;7;0;1
44;TechXplore;19;0;1
45;TechXplore;15;0;1
46;TechXplore;15;0;2
47;TechXplore;24;0;1
48;TechXplore;13;0;2
49;TechXplore;18;0;1
50;TechXplore;10;0;1
51;TechXplore;24;0;1
52;TechXplore;19;0;1
53;TechXplore;16;0;1
54;TechXplore;17;0;1
55;TechXplore;14;0;3
56;TechXplore;16;0;1
57;TechXplore;17;0;1
58;TechXplore;15;0;1
59;TechXplore;16;0;1
60;TechXplore;4;0;1
61;TechXplore;19;0;2
62;TechXplore;12;0;1
63;TechXplore;21;0;1
64;TechXplore;27;0;2
65;TechXplore;10;0;1
66;TechXplore;13;0;1
67;TechXplore;19;0;2
68;TechXplore;8;0;1
69;TechXplore;12;0;1
70;TechXplore;5;0;1
71;TechXplore;7;1;1
72;TechXplore;12;0;1
73;TechXplore;14;0;1
74;TechXplore;15;0;1
75;TechXplore;9;0;1
76;TechXplore;19;0;2
77;TechXplore;9;0;1
78;TechXplore;10;0;1
79;TechXplore;13;0;1
80;TechXplore;8;0;1
81;TechXplore;16;0;1
82;TechXplore;8;0;1
83;TechXplore;16;0;2
84;TechXplore;4;0;1
85;TechXplore;8;0;2
86;TechXplore;4;0;1
87;TechXplore;16;0;2
88;TechXplore;4;0;1
89;TechXplore;8;0;1
90;TechXplore;20;0;1
91;TechXplore;14;0;2
92;TechXplore;9;0;2
93;TechXplore;4;0;1
94;TechXplore;6;0;1
95;TechXplore;18;0;1
96;TechXplore;13;0;1
97;TechXplore;5;0;1
98;TechXplore;10;0;1
99;TechXplore;16;0;1
100;TechXplore;12;0;1
101;TechXplore;10;0;1
102;TechXplore;5;0;1
103;TechXplore;11;0;1
104;TechXplore;25;0;6
105;TechXplore;12;0;1
106;TechXplore;15;0;1
107;TechXplore;14;0;2
108;TechXplore;17;0;1
109;TechXplore;15;0;1
110;TechXplore;15;0;1
111;TechXplore;14;0;1
112;TechXplore;25;0;1
113;TechXplore;5;0;1
114;TechXplore;26;0;6
115;TechXplore;12;0;1
116;TechXplore;9;0;1
117;TechXplore;25;0;1
118;TechXplore;20;0;1
119;TechXplore;16;0;1
120;TechXplore;14;0;1
121;TechXplore;11;0;2
122;TechXplore;22;0;1
123;TechXplore;7;0;2
124;TechXplore;17;0;2
125;TechXplore;17;0;1
126;TechXplore;17;0;1
127;TechXplore;12;0;1
128;TechXplore;9;0;1
129;TechXplore;5;0;1
130;TechXplore;15;0;1
131;TechXplore;12;0;1
132;TechXplore;11;0;2
133;TechXplore;20;0;2
134;TechXplore;19;0;1
135;TechXplore;26;0;1
136;TechXplore;7;0;1
137;TechXplore;13;0;1
138;TechXplore;13;0;1
139;TechXplore;14;0;1
140;TechXplore;12;0;1
141;TechXplore;12;0;1
142;TechXplore;24;0;2
143;TechXplore;19;0;1
144;TechXplore;15;0;1
145;TechXplore;4;0;1
146;TechXplore;11;0;1
147;TechXplore;16;0;3
148;TechXplore;4;0;1
149;TechXplore;4;0;1
150;TechXplore;11;0;1
151;TechXplore;23;0;1
152;TechXplore;16;0;1
153;TechXplore;14;0;2
154;TechXplore;10;0;2
155;TechXplore;11;0;1
156;TechXplore;6;0;1
157;TechXplore;26;0;1
158;TechXplore;22;0;1
159;TechXplore;15;0;1
160;TechXplore;13;0;2
161;TechXplore;11;0;2
162;TechXplore;19;0;1
163;TechXplore;12;0;2
164;TechXplore;4;0;1
165;TechXplore;13;0;2
166;TechXplore;16;0;1
167;TechXplore;28;0;1
168;TechXplore;9;0;1
169;TechXplore;5;0;1
170;TechXplore;15;0;3
171;TechXplore;11;0;1
172;TechXplore;9;0;1
173;TechXplore;16;0;2
174;TechXplore;12;0;1
175;TechXplore;9;0;2
176;TechXplore;23;0;1
177;TechXplore;12;0;1
178;TechXplore;7;0;1
179;TechXplore;15;0;1
180;TechXplore;14;0;1
181;TechXplore;4;0;1
182;TechXplore;16;0;3
183;TechXplore;13;0;1
184;TechXplore;14;0;2
185;TechXplore;29;0;1
186;TechXplore;20;0;1
187;TechXplore;11;0;2
188;TechXplore;14;0;1
189;TechXplore;9;0;1
190;TechXplore;14;0;1
191;TechXplore;20;0;1
192;TechXplore;21;0;2
193;TechXplore;21;0;1
194;TechXplore;18;0;1
195;TechXplore;13;0;1
196;TechXplore;9;0;1
197;TechXplore;5;0;1
198;TechXplore;4;0;1
199;TechXplore;17;0;2
200;TechXplore;12;0;1
201;TechXplore;16;0;1
202;TechXplore;19;0;1
203;TechXplore;13;0;1
204;TechXplore;7;0;2
205;TechXplore;24;0;3
206;TechXplore;9;0;1
207;TechXplore;19;0;2
208;TechXplore;18;0;1
209;TechXplore;16;0;1
210;TechXplore;15;0;1
211;TechXplore;18;0;2
212;TechXplore;6;0;2
213;TechXplore;9;0;1
214;TechXplore;11;0;1
215;TechXplore;18;0;2
216;TechXplore;14;0;1
217;TechXplore;18;0;1
218;TechXplore;14;0;1
219;TechXplore;19;0;1
220;TechXplore;16;0;1
221;TechXplore;13;0;3
222;TechXplore;12;0;1
223;TechXplore;10;0;1
224;TechXplore;15;0;2
225;TechXplore;6;0;1
226;TechXplore;13;0;1
227;TechXplore;10;0;1
228;TechXplore;10;0;0
229;TechXplore;18;0;2
230;TechXplore;9;0;1
231;TechXplore;7;0;2
232;TechXplore;14;0;1
233;TechXplore;20;0;1
234;TechXplore;14;0;1
235;TechXplore;8;0;1
236;TechXplore;11;0;1
237;TechXplore;12;0;1
238;TechXplore;25;0;1
239;TechXplore;16;0;1
240;TechXplore;10;0;1
241;TechXplore;13;0;1
242;TechXplore;11;0;1
243;TechXplore;5;0;1
244;TechXplore;3;0;1
245;TechXplore;12;0;1
246;TechXplore;11;0;1
247;TechXplore;15;0;3
248;TechXplore;14;0;1
249;TechXplore;12;0;1
250;TechXplore;13;0;1
251;TechXplore;4;0;1
252;TechXplore;13;0;1
253;TechXplore;14;0;3
254;TechXplore;13;0;1
255;TechXplore;11;0;1
256;TechXplore;16;0;1
257;TechXplore;15;0;2
258;TechXplore;14;0;1
259;TechXplore;5;0;1
260;TechXplore;13;0;2
261;TechXplore;13;0;1
262;TechXplore;13;0;3
263;TechXplore;12;0;1
264;TechXplore;12;0;2
265;TechXplore;11;0;1
266;TechXplore;7;0;2
267;TechXplore;7;0;1
268;TechXplore;6;0;1
269;TechXplore;5;0;1
270;TechXplore;6;0;1
271;TechXplore;8;0;2
272;TechXplore;16;0;1
273;TechXplore;11;0;1
274;TechXplore;11;0;1
275;TechXplore;19;0;3
276;TechXplore;21;0;1
277;TechXplore;20;0;1
278;TechXplore;14;0;5
279;TechXplore;12;0;1
280;TechXplore;14;0;1
281;TechXplore;16;0;4
282;TechXplore;20;0;1
283;TechXplore;20;0;1
284;TechXplore;13;0;2
285;TechXplore;17;0;2
286;TechXplore;16;0;1
287;TechXplore;18;0;2
288;TechXplore;19;0;3
289;TechXplore;23;0;2
290;TechXplore;17;0;1
291;TechXplore;18;0;1
292;TechXplore;22;0;1
293;TechXplore;13;0;1
294;TechXplore;16;0;1
295;TechXplore;19;0;1
296;TechXplore;25;0;1
297;TechXplore;21;0;1
298;TechXplore;12;0;1
299;TechXplore;18;0;1
300;TechXplore;11;0;1
301;TechXplore;12;0;1
302;TechXplore;18;0;1
303;TechXplore;16;0;1
304;TechXplore;16;0;1
305;TechXplore;16;0;1
306;TechXplore;15;0;1
307;TechXplore;14;0;1
308;TechXplore;12;0;1
309;TechXplore;19;0;1
310;TechXplore;17;0;1
311;TechXplore;18;0;1
312;TechXplore;19;0;1
313;TechXplore;17;0;1
314;TechXplore;21;0;1
315;TechXplore;16;0;1
316;TechXplore;20;0;1
317;TechXplore;11;0;1
318;TechXplore;8;0;1
319;TechXplore;11;0;1
320;TechXplore;18;0;1
321;TechXplore;12;0;2
322;TechXplore;19;0;1
323;TechXplore;12;0;1
324;TechXplore;16;0;1
325;TechXplore;14;0;2
326;TechXplore;14;0;4
327;TechXplore;29;0;1
328;TechXplore;15;0;1
329;TechXplore;22;0;1
330;TechXplore;16;0;1
331;TechXplore;11;0;1
332;TechXplore;21;0;1
333;TechXplore;15;0;2
334;TechXplore;14;0;1
335;TechXplore;18;0;1
336;TechXplore;17;0;1
337;TechXplore;22;0;1
338;TechXplore;4;0;1
339;TechXplore;15;0;1
340;TechXplore;21;0;2
341;TechXplore;15;0;1
342;TechXplore;14;0;1
343;TechXplore;11;0;1
344;TechXplore;10;0;1
345;TechXplore;15;0;1
346;TechXplore;12;0;2
347;TechXplore;12;0;1
348;TechXplore;10;0;3
349;TechXplore;12;0;1
350;TechXplore;13;0;1
351;TechXplore;16;0;2
352;TechXplore;12;0;1
353;TechXplore;17;0;2
354;TechXplore;9;0;1
355;TechXplore;12;0;1
356;TechXplore;11;0;1
357;TechXplore;15;0;1
358;TechXplore;15;0;1
359;TechXplore;4;0;1
360;TechXplore;5;0;1
361;TechXplore;15;0;2
362;TechXplore;16;0;1
363;TechXplore;11;0;1
364;TechXplore;11;0;1
365;TechXplore;8;0;2
366;TechXplore;11;0;1
367;TechXplore;6;0;1
368;TechXplore;5;0;1
369;TechXplore;8;0;1
370;TechXplore;13;0;1
371;TechXplore;5;0;1
372;TechXplore;6;0;1
373;TechXplore;13;0;1
374;TechXplore;13;0;2
375;TechXplore;13;0;1
376;TechXplore;5;0;3
377;TechXplore;10;0;2
378;TechXplore;16;0;1
379;TechXplore;13;0;1
380;TechXplore;9;0;1
381;TechXplore;5;0;1
382;TechXplore;10;0;1
383;TechXplore;8;0;3
384;TechXplore;16;0;1
385;TechXplore;14;0;1
386;TechXplore;12;0;1
387;TechXplore;14;0;1
388;TechXplore;11;0;1
389;TechXplore;4;0;1
390;TechXplore;10;0;1
391;TechXplore;16;0;1
392;TechXplore;16;0;3
393;TechXplore;13;0;2
394;TechXplore;9;0;1
395;TechXplore;15;0;1
396;TechXplore;16;0;1
397;TechXplore;12;0;1
398;TechXplore;15;0;1
399;TechXplore;22;0;1
400;TechXplore;15;0;1
401;TechXplore;18;0;1
402;TechXplore;13;0;3
403;TechXplore;15;0;1
404;TechXplore;13;0;1
405;TechXplore;11;0;1
406;TechXplore;7;0;1
407;TechXplore;8;0;5
408;TechXplore;6;0;1
409;TechXplore;7;0;2
410;TechXplore;4;0;1
411;TechXplore;6;0;1
412;TechXplore;7;0;2
413;TechXplore;5;0;1
414;TechXplore;6;0;1
415;TechXplore;7;0;3
416;TechXplore;9;0;2
417;TechXplore;9;0;1
418;TechXplore;5;0;1
