article_number;source_mag;paragraphs;lists;images
0;TechCrunch;3;0;0
1;TechCrunch;4;0;0
2;TechCrunch;4;0;0
3;TechCrunch;17;0;0
4;TechCrunch;40;0;3
5;TechCrunch;4;0;0
6;TechCrunch;5;0;1
7;TechCrunch;14;1;5
8;TechCrunch;5;0;0
9;TechCrunch;3;0;1
10;TechCrunch;4;0;0
11;TechCrunch;8;0;0
12;TechCrunch;5;1;4
13;TechCrunch;9;0;0
14;TechCrunch;6;0;1
15;TechCrunch;10;0;0
16;TechCrunch;4;1;7
17;TechCrunch;6;1;23
18;TechCrunch;4;0;0
19;TechCrunch;9;0;0
20;TechCrunch;4;0;0
21;TechCrunch;8;1;23
22;TechCrunch;6;1;16
23;TechCrunch;6;1;13
24;TechCrunch;4;0;0
25;TechCrunch;4;0;0
26;TechCrunch;4;0;0
27;TechCrunch;6;0;0
28;TechCrunch;4;0;0
29;TechCrunch;4;0;0
30;TechCrunch;4;0;0
31;TechCrunch;5;1;12
32;TechCrunch;4;0;0
33;TechCrunch;8;1;5
34;TechCrunch;5;1;4
35;TechCrunch;3;0;0
36;TechCrunch;4;1;0
37;TechCrunch;5;1;13
38;TechCrunch;4;0;0
39;TechCrunch;5;0;0
40;TechCrunch;5;0;0
41;TechCrunch;15;0;1
42;TechCrunch;3;0;0
44;TechCrunch;5;0;0
45;TechCrunch;5;1;10
46;TechCrunch;8;0;1
47;TechCrunch;5;0;0
48;TechCrunch;6;1;9
49;TechCrunch;3;0;0
50;TechCrunch;5;1;3
51;TechCrunch;5;1;2
52;TechCrunch;5;0;0
53;TechCrunch;4;0;0
54;TechCrunch;5;0;0
55;TechCrunch;4;1;2
56;TechCrunch;7;0;1
57;TechCrunch;17;1;3
58;TechCrunch;5;0;0
59;TechCrunch;4;0;0
60;TechCrunch;6;0;0
61;TechCrunch;5;0;0
62;TechCrunch;4;0;0
63;TechCrunch;9;0;0
64;TechCrunch;12;0;0
65;TechCrunch;4;0;0
66;TechCrunch;3;0;0
67;TechCrunch;4;1;6
68;TechCrunch;5;0;0
69;TechCrunch;4;1;8
70;TechCrunch;4;0;0
71;TechCrunch;7;0;0
72;TechCrunch;3;0;0
73;TechCrunch;4;0;0
74;TechCrunch;5;0;0
75;TechCrunch;5;0;0
76;TechCrunch;5;0;0
77;TechCrunch;6;1;3
78;TechCrunch;13;0;2
79;TechCrunch;19;1;2
80;TechCrunch;11;0;0
81;TechCrunch;9;0;2
82;TechCrunch;11;0;1
83;TechCrunch;4;0;0
84;TechCrunch;5;0;0
85;TechCrunch;5;0;0
86;TechCrunch;7;0;0
87;TechCrunch;6;0;1
88;TechCrunch;13;0;2
89;TechCrunch;10;0;0
90;TechCrunch;15;0;0
91;TechCrunch;10;0;1
92;TechCrunch;9;0;0
93;TechCrunch;9;0;0
94;TechCrunch;4;1;7
95;TechCrunch;5;0;0
96;TechCrunch;13;0;1
97;TechCrunch;4;0;0
98;TechCrunch;4;0;0
99;TechCrunch;7;0;0
100;TechCrunch;25;1;6
101;TechCrunch;5;1;8
102;TechCrunch;5;1;6
103;TechCrunch;5;1;5
104;TechCrunch;7;0;0
105;TechCrunch;4;0;0
106;TechCrunch;4;0;0
107;TechCrunch;6;0;0
108;TechCrunch;8;0;1
109;TechCrunch;9;0;0
110;TechCrunch;4;1;6
111;TechCrunch;3;0;0
112;TechCrunch;4;0;0
113;TechCrunch;10;0;0
114;TechCrunch;3;0;0
115;TechCrunch;6;0;0
116;TechCrunch;10;0;0
117;TechCrunch;8;0;0
118;TechCrunch;8;0;0
119;TechCrunch;17;0;3
120;TechCrunch;4;0;0
121;TechCrunch;7;0;0
122;TechCrunch;15;0;3
123;TechCrunch;41;0;12
124;TechCrunch;8;0;1
125;TechCrunch;7;0;0
126;TechCrunch;6;0;0
127;TechCrunch;8;0;0
128;TechCrunch;3;0;0
129;TechCrunch;7;1;1
130;TechCrunch;5;0;0
131;TechCrunch;22;0;4
132;TechCrunch;15;2;10
133;TechCrunch;8;0;1
134;TechCrunch;5;0;0
135;TechCrunch;8;0;0
136;TechCrunch;13;0;2
137;TechCrunch;4;0;0
138;TechCrunch;5;0;1
139;TechCrunch;3;0;0
140;TechCrunch;8;0;2
141;TechCrunch;11;0;0
142;TechCrunch;13;0;1
143;TechCrunch;11;1;4
144;TechCrunch;4;0;0
145;TechCrunch;31;4;7
146;TechCrunch;5;0;0
147;TechCrunch;7;0;0
148;TechCrunch;4;0;0
149;TechCrunch;4;0;0
150;TechCrunch;4;0;0
151;TechCrunch;8;1;3
152;TechCrunch;25;2;20
153;TechCrunch;13;0;0
154;TechCrunch;14;0;3
155;TechCrunch;13;0;1
156;TechCrunch;10;0;0
157;TechCrunch;7;1;7
158;TechCrunch;21;0;0
159;TechCrunch;10;0;1
160;TechCrunch;3;0;0
161;TechCrunch;4;0;0
162;TechCrunch;14;0;0
163;TechCrunch;7;0;0
164;TechCrunch;5;0;0
165;TechCrunch;9;0;0
166;TechCrunch;3;0;0
167;TechCrunch;7;0;0
168;TechCrunch;9;0;0
169;TechCrunch;25;0;2
170;TechCrunch;5;0;0
171;TechCrunch;6;2;18
172;TechCrunch;14;0;1
173;TechCrunch;6;0;0
174;TechCrunch;7;0;0
175;TechCrunch;5;0;0
176;TechCrunch;9;0;0
177;TechCrunch;9;1;11
178;TechCrunch;4;1;2
179;TechCrunch;18;0;2
180;TechCrunch;9;0;0
181;TechCrunch;7;1;4
182;TechCrunch;4;0;0
183;TechCrunch;6;0;0
184;TechCrunch;20;0;0
185;TechCrunch;5;0;0
186;TechCrunch;4;0;0
187;TechCrunch;4;0;0
188;TechCrunch;3;0;0
189;TechCrunch;6;0;1
190;TechCrunch;3;0;0
191;TechCrunch;6;1;8
192;TechCrunch;5;0;0
193;TechCrunch;13;1;9
194;TechCrunch;6;0;0
195;TechCrunch;4;0;0
196;TechCrunch;17;0;0
197;TechCrunch;5;1;14
198;TechCrunch;6;0;0
199;TechCrunch;40;0;0
200;TechCrunch;18;0;2
201;TechCrunch;5;0;1
202;TechCrunch;21;0;3
203;TechCrunch;6;1;5
204;TechCrunch;6;0;1
205;TechCrunch;45;0;50
206;TechCrunch;10;0;0
207;TechCrunch;5;0;0
208;TechCrunch;21;1;0
209;TechCrunch;19;0;3
210;TechCrunch;6;0;0
211;TechCrunch;12;0;0
212;TechCrunch;40;3;2
213;TechCrunch;4;0;0
214;TechCrunch;5;0;0
215;TechCrunch;6;1;53
216;TechCrunch;6;0;0
217;TechCrunch;10;4;0
218;TechCrunch;7;0;0
219;TechCrunch;4;0;0
220;TechCrunch;16;0;2
221;TechCrunch;4;0;0
222;TechCrunch;27;0;2
223;TechCrunch;22;0;1
224;TechCrunch;4;0;0
225;TechCrunch;9;1;3
226;TechCrunch;13;0;0
227;TechCrunch;19;0;2
228;TechCrunch;7;1;50
230;TechCrunch;3;1;21
231;TechCrunch;5;1;9
232;TechCrunch;23;0;3
233;TechCrunch;3;1;4
234;TechCrunch;6;1;4
235;TechCrunch;6;1;5
236;TechCrunch;9;0;1
237;TechCrunch;18;1;10
238;TechCrunch;5;0;0
239;TechCrunch;17;0;1
240;TechCrunch;7;1;15
241;TechCrunch;4;0;0
242;TechCrunch;10;0;0
243;TechCrunch;4;0;0
244;TechCrunch;3;0;0
245;TechCrunch;5;0;0
246;TechCrunch;5;0;0
247;TechCrunch;37;0;2
248;TechCrunch;4;0;0
249;TechCrunch;17;0;0
250;TechCrunch;5;0;0
251;TechCrunch;4;0;0
252;TechCrunch;5;0;0
253;TechCrunch;6;0;0
255;TechCrunch;7;0;0
256;TechCrunch;207;0;46
257;TechCrunch;15;0;1
258;TechCrunch;21;1;9
259;TechCrunch;12;0;1
260;TechCrunch;7;0;0
261;TechCrunch;6;1;5
262;TechCrunch;17;0;0
263;TechCrunch;5;0;0
264;TechCrunch;7;0;0
265;TechCrunch;6;0;0
266;TechCrunch;9;0;1
267;TechCrunch;5;0;0
268;TechCrunch;9;1;15
269;TechCrunch;5;0;0
270;TechCrunch;13;0;0
271;TechCrunch;4;0;0
272;TechCrunch;5;0;0
273;TechCrunch;8;0;1
274;TechCrunch;7;0;1
275;TechCrunch;7;0;0
276;TechCrunch;7;0;0
277;TechCrunch;3;0;0
278;TechCrunch;11;0;1
280;TechCrunch;8;0;0
281;TechCrunch;27;0;0
282;TechCrunch;7;0;0
283;TechCrunch;6;0;0
284;TechCrunch;12;0;0
285;TechCrunch;17;0;1
286;TechCrunch;8;0;1
287;TechCrunch;18;0;1
288;TechCrunch;4;0;0
289;TechCrunch;13;0;0
290;TechCrunch;15;0;3
291;TechCrunch;14;0;1
292;TechCrunch;24;0;5
293;TechCrunch;14;0;0
294;TechCrunch;7;0;0
295;TechCrunch;13;1;0
296;TechCrunch;26;1;0
297;TechCrunch;21;0;0
298;TechCrunch;23;0;0
299;TechCrunch;13;0;1
300;TechCrunch;10;0;1
301;TechCrunch;15;0;0
302;TechCrunch;6;0;0
303;TechCrunch;37;0;5
304;TechCrunch;10;0;2
305;TechCrunch;18;2;4
306;TechCrunch;28;1;0
307;TechCrunch;29;1;3
308;TechCrunch;5;0;0
309;TechCrunch;6;0;1
310;TechCrunch;6;0;0
311;TechCrunch;5;0;0
312;TechCrunch;28;0;3
313;TechCrunch;18;0;0
314;TechCrunch;14;0;0
315;TechCrunch;25;0;6
316;TechCrunch;11;0;0
317;TechCrunch;6;0;0
318;TechCrunch;17;0;0
321;TechCrunch;7;0;0
323;TechCrunch;12;0;1
324;TechCrunch;31;3;1
325;TechCrunch;10;0;1
326;TechCrunch;8;0;0
327;TechCrunch;21;0;2
328;TechCrunch;30;1;0
329;TechCrunch;6;0;0
330;TechCrunch;28;0;3
331;TechCrunch;24;0;1
332;TechCrunch;7;0;3
333;TechCrunch;22;1;0
334;TechCrunch;37;1;1
335;TechCrunch;23;1;0
336;TechCrunch;11;1;10
337;TechCrunch;11;1;6
338;TechCrunch;25;1;0
339;TechCrunch;18;0;0
340;TechCrunch;8;0;0
341;TechCrunch;5;0;0
342;TechCrunch;25;0;0
343;TechCrunch;13;0;3
344;TechCrunch;6;0;1
345;TechCrunch;6;0;0
346;TechCrunch;14;0;0
347;TechCrunch;9;0;0
348;TechCrunch;8;0;0
349;TechCrunch;15;0;0
350;TechCrunch;14;0;0
351;TechCrunch;10;0;0
352;TechCrunch;10;0;0
353;TechCrunch;33;1;5
354;TechCrunch;20;0;2
355;TechCrunch;7;0;1
356;TechCrunch;26;0;0
357;TechCrunch;6;0;0
358;TechCrunch;22;1;0
359;TechCrunch;198;0;49
360;TechCrunch;7;0;2
361;TechCrunch;20;0;2
362;TechCrunch;21;0;6
363;TechCrunch;13;1;1
364;TechCrunch;17;0;3
365;TechCrunch;6;0;0
366;TechCrunch;46;0;0
367;TechCrunch;8;0;0
368;TechCrunch;7;0;0
369;TechCrunch;17;0;0
370;TechCrunch;57;0;51
371;TechCrunch;23;0;0
372;TechCrunch;20;0;0
373;TechCrunch;10;0;1
374;TechCrunch;5;0;0
375;TechCrunch;10;0;5
376;TechCrunch;5;0;1
377;TechCrunch;6;0;0
378;TechCrunch;23;1;18
379;TechCrunch;3;0;0
380;TechCrunch;6;0;1
381;TechCrunch;13;0;1
382;TechCrunch;23;0;4
383;TechCrunch;29;0;0
384;TechCrunch;18;0;0
385;TechCrunch;19;0;3
386;TechCrunch;4;0;0
387;TechCrunch;5;0;1
388;TechCrunch;17;0;1
389;TechCrunch;14;0;0
390;TechCrunch;7;0;0
391;TechCrunch;7;0;1
392;TechCrunch;4;0;0
393;TechCrunch;14;0;2
394;TechCrunch;4;0;0
395;TechCrunch;13;0;1
396;TechCrunch;5;0;0
397;TechCrunch;8;0;0
398;TechCrunch;9;0;2
399;TechCrunch;4;0;0
400;TechCrunch;4;0;0
401;TechCrunch;4;0;1
402;TechCrunch;5;0;0
403;TechCrunch;9;0;0
404;TechCrunch;7;0;1
405;TechCrunch;9;0;1
406;TechCrunch;4;0;0
407;TechCrunch;11;0;0
408;TechCrunch;14;0;0
409;TechCrunch;8;0;2
410;TechCrunch;27;0;10
411;TechCrunch;10;0;1
412;TechCrunch;3;0;0
413;TechCrunch;14;1;3
414;TechCrunch;28;0;0
415;TechCrunch;20;0;0
416;TechCrunch;20;0;4
417;TechCrunch;16;0;0
418;TechCrunch;12;0;2
419;TechCrunch;7;0;1
420;TechCrunch;6;0;1
421;TechCrunch;7;0;0
422;TechCrunch;9;0;0
423;TechCrunch;10;0;3
424;TechCrunch;15;0;3
425;TechCrunch;33;2;15
426;TechCrunch;21;1;8
427;TechCrunch;3;0;0
428;TechCrunch;7;0;0
429;TechCrunch;9;1;1
430;TechCrunch;5;0;0
431;TechCrunch;8;0;1
432;TechCrunch;7;0;0
433;TechCrunch;12;0;0
434;TechCrunch;18;0;3
435;TechCrunch;2;0;1
436;TechCrunch;16;0;4
437;TechCrunch;21;0;0
438;TechCrunch;4;0;0
439;TechCrunch;12;0;2
440;TechCrunch;13;1;1
441;TechCrunch;12;0;1
442;TechCrunch;17;3;23
443;TechCrunch;15;0;0
444;TechCrunch;9;0;2
445;TechCrunch;8;0;1
446;TechCrunch;6;0;0
447;TechCrunch;7;0;0
448;TechCrunch;3;0;0
449;TechCrunch;3;0;0
450;TechCrunch;8;0;0
451;TechCrunch;4;0;0
452;TechCrunch;4;0;0
453;TechCrunch;16;0;1
454;TechCrunch;16;0;0
455;TechCrunch;4;0;0
456;TechCrunch;4;0;0
457;TechCrunch;7;0;0
458;TechCrunch;15;1;8
459;TechCrunch;14;0;0
460;TechCrunch;5;0;0
461;TechCrunch;4;0;0
462;TechCrunch;5;0;1
463;TechCrunch;4;0;0
464;TechCrunch;18;0;1
465;TechCrunch;11;0;0
466;TechCrunch;4;0;0
467;TechCrunch;8;0;0
468;TechCrunch;12;0;1
469;TechCrunch;19;0;0
470;TechCrunch;5;0;0
471;TechCrunch;8;0;0
472;TechCrunch;7;0;1
473;TechCrunch;6;0;1
474;TechCrunch;13;0;0
475;TechCrunch;10;0;2
476;TechCrunch;7;0;1
477;TechCrunch;7;0;0
478;TechCrunch;15;0;2
479;TechCrunch;5;0;0
480;TechCrunch;25;0;4
481;TechCrunch;7;0;1
482;TechCrunch;25;0;3
483;TechCrunch;10;0;0
484;TechCrunch;5;0;0
485;TechCrunch;9;0;0
486;TechCrunch;4;0;0
487;TechCrunch;16;0;3
488;TechCrunch;20;1;9
489;TechCrunch;9;0;0
490;TechCrunch;7;0;0
491;TechCrunch;5;0;0
492;TechCrunch;25;0;5
493;TechCrunch;82;0;11
494;TechCrunch;12;0;1
495;TechCrunch;7;0;0
496;TechCrunch;7;0;1
497;TechCrunch;8;0;0
498;TechCrunch;7;1;0
499;TechCrunch;6;0;2
500;TechCrunch;7;0;1
501;TechCrunch;10;0;0
502;TechCrunch;8;0;0
503;TechCrunch;8;0;0
504;TechCrunch;5;0;0
505;TechCrunch;9;0;0
506;TechCrunch;10;0;2
507;TechCrunch;13;0;3
508;TechCrunch;3;0;0
509;TechCrunch;9;0;1
510;TechCrunch;6;0;0
511;TechCrunch;6;0;0
512;TechCrunch;7;0;0
513;TechCrunch;5;0;0
514;TechCrunch;6;0;0
515;TechCrunch;8;0;0
516;TechCrunch;10;0;1
517;TechCrunch;6;0;1
518;TechCrunch;7;0;1
519;TechCrunch;6;0;0
520;TechCrunch;6;0;0
521;TechCrunch;3;0;0
522;TechCrunch;6;0;0
523;TechCrunch;12;0;0
524;TechCrunch;7;0;0
525;TechCrunch;23;0;0
526;TechCrunch;7;0;0
527;TechCrunch;18;0;0
528;TechCrunch;10;0;2
529;TechCrunch;5;0;0
530;TechCrunch;14;0;0
531;TechCrunch;4;0;0
532;TechCrunch;6;0;0
533;TechCrunch;9;0;3
534;TechCrunch;10;0;0
535;TechCrunch;17;0;2
536;TechCrunch;10;0;1
537;TechCrunch;15;0;0
538;TechCrunch;9;0;0
539;TechCrunch;8;0;3
540;TechCrunch;6;0;0
541;TechCrunch;8;0;0
542;TechCrunch;9;0;0
543;TechCrunch;4;1;0
544;TechCrunch;14;0;5
545;TechCrunch;4;0;0
546;TechCrunch;5;0;1
547;TechCrunch;24;0;0
548;TechCrunch;4;0;0
549;TechCrunch;8;0;0
550;TechCrunch;10;0;0
551;TechCrunch;6;0;1
552;TechCrunch;3;0;0
553;TechCrunch;7;0;0
554;TechCrunch;8;0;2
555;TechCrunch;5;0;0
556;TechCrunch;10;0;2
557;TechCrunch;3;0;1
558;TechCrunch;6;0;0
559;TechCrunch;9;0;4
560;TechCrunch;9;0;1
562;TechCrunch;6;0;0
564;TechCrunch;6;0;0
565;TechCrunch;10;3;0
566;TechCrunch;7;0;0
567;TechCrunch;6;0;0
568;TechCrunch;4;0;0
569;TechCrunch;7;0;0
570;TechCrunch;5;0;0
571;TechCrunch;16;0;1
572;TechCrunch;5;0;0
573;TechCrunch;4;0;0
574;TechCrunch;4;0;0
575;TechCrunch;9;0;0
576;TechCrunch;8;0;2
577;TechCrunch;8;0;3
578;TechCrunch;5;0;0
579;TechCrunch;8;0;1
580;TechCrunch;4;0;0
581;TechCrunch;22;0;2
582;TechCrunch;6;0;2
583;TechCrunch;10;0;0
584;TechCrunch;3;0;0
585;TechCrunch;7;0;0
586;TechCrunch;6;0;0
587;TechCrunch;5;0;0
588;TechCrunch;5;0;0
589;TechCrunch;5;0;0
590;TechCrunch;9;0;1
591;TechCrunch;7;0;0
592;TechCrunch;7;0;0
593;TechCrunch;7;0;1
594;TechCrunch;8;0;2
595;TechCrunch;5;0;0
596;TechCrunch;5;0;0
597;TechCrunch;14;0;0
598;TechCrunch;7;0;1
599;TechCrunch;13;4;0
600;TechCrunch;7;0;1
601;TechCrunch;6;0;1
602;TechCrunch;9;0;0
603;TechCrunch;14;0;0
604;TechCrunch;8;0;0
605;TechCrunch;10;0;0
606;TechCrunch;9;0;2
607;TechCrunch;5;0;0
608;TechCrunch;23;0;2
609;TechCrunch;6;0;0
610;TechCrunch;10;0;0
611;TechCrunch;9;0;2
612;TechCrunch;8;0;0
613;TechCrunch;4;0;0
614;TechCrunch;6;0;0
615;TechCrunch;9;0;1
616;TechCrunch;5;0;0
617;TechCrunch;7;0;1
618;TechCrunch;8;0;0
619;TechCrunch;10;0;1
620;TechCrunch;23;0;4
621;TechCrunch;9;0;0
622;TechCrunch;13;1;2
623;TechCrunch;72;0;0
624;TechCrunch;6;0;1
625;TechCrunch;5;0;0
626;TechCrunch;8;0;2
627;TechCrunch;10;0;2
628;TechCrunch;6;0;1
629;TechCrunch;6;0;0
630;TechCrunch;6;0;1
631;TechCrunch;7;1;0
632;TechCrunch;10;0;2
633;TechCrunch;8;0;2
634;TechCrunch;8;0;1
635;TechCrunch;5;0;0
636;TechCrunch;5;1;0
637;TechCrunch;3;0;0
638;TechCrunch;6;0;0
639;TechCrunch;6;0;0
641;TechCrunch;20;0;2
642;TechCrunch;5;0;0
643;TechCrunch;7;0;0
644;TechCrunch;10;0;3
645;TechCrunch;4;0;0
646;TechCrunch;5;0;1
647;TechCrunch;11;0;0
648;TechCrunch;15;1;0
649;TechCrunch;6;0;0
650;TechCrunch;6;0;0
651;TechCrunch;5;0;0
652;TechCrunch;4;0;0
653;TechCrunch;7;0;1
654;TechCrunch;14;0;1
655;TechCrunch;9;0;2
656;TechCrunch;5;0;1
657;TechCrunch;8;0;2
658;TechCrunch;12;0;2
659;TechCrunch;4;0;1
660;TechCrunch;14;0;1
661;TechCrunch;10;0;3
662;TechCrunch;6;0;1
663;TechCrunch;7;0;1
664;TechCrunch;11;0;2
665;TechCrunch;7;0;1
666;TechCrunch;7;0;2
667;TechCrunch;8;0;2
668;TechCrunch;8;0;1
669;TechCrunch;12;0;3
670;TechCrunch;18;0;2
671;TechCrunch;11;0;2
672;TechCrunch;7;0;1
673;TechCrunch;12;0;1
674;TechCrunch;9;0;1
675;TechCrunch;16;0;2
676;TechCrunch;7;0;1
677;TechCrunch;9;0;1
678;TechCrunch;6;0;2
679;TechCrunch;8;0;1
680;TechCrunch;6;0;3
681;TechCrunch;8;0;1
682;TechCrunch;8;0;2
683;TechCrunch;4;0;1
684;TechCrunch;9;0;1
685;TechCrunch;10;0;4
686;TechCrunch;10;0;2
687;TechCrunch;11;0;1
688;TechCrunch;5;0;1
689;TechCrunch;3;0;2
690;TechCrunch;20;1;8
691;TechCrunch;4;0;1
692;TechCrunch;7;0;1
693;TechCrunch;11;0;5
694;TechCrunch;11;0;1
695;TechCrunch;5;0;1
696;TechCrunch;12;0;1
697;TechCrunch;10;0;2
698;TechCrunch;4;0;1
699;TechCrunch;10;0;1
700;TechCrunch;14;0;4
701;TechCrunch;11;0;0
702;TechCrunch;17;0;3
703;TechCrunch;3;0;1
704;TechCrunch;5;0;1
705;TechCrunch;16;0;2
706;TechCrunch;11;0;1
707;TechCrunch;16;0;1
708;TechCrunch;9;0;3
709;TechCrunch;3;0;1
710;TechCrunch;14;1;3
711;TechCrunch;12;0;1
712;TechCrunch;38;1;2
713;TechCrunch;10;0;4
714;TechCrunch;28;1;4
715;TechCrunch;4;0;1
716;TechCrunch;6;0;1
717;TechCrunch;5;0;1
718;TechCrunch;9;0;1
719;TechCrunch;8;0;0
720;TechCrunch;13;1;1
721;TechCrunch;6;0;1
722;TechCrunch;26;0;4
723;TechCrunch;51;1;6
724;TechCrunch;7;0;1
725;TechCrunch;18;1;1
726;TechCrunch;12;0;1
727;TechCrunch;5;0;1
728;TechCrunch;5;0;1
729;TechCrunch;8;0;1
730;TechCrunch;7;0;1
731;TechCrunch;10;0;1
732;TechCrunch;8;0;1
733;TechCrunch;7;0;1
734;TechCrunch;13;0;2
736;TechCrunch;6;0;1
737;TechCrunch;19;0;2
738;TechCrunch;11;0;1
739;TechCrunch;13;0;2
740;TechCrunch;10;0;2
741;TechCrunch;4;0;1
742;TechCrunch;11;0;2
743;TechCrunch;9;0;2
744;TechCrunch;4;0;1
745;TechCrunch;6;0;2
746;TechCrunch;3;0;1
747;TechCrunch;4;0;1
748;TechCrunch;6;0;1
749;TechCrunch;9;0;1
750;TechCrunch;7;0;1
751;TechCrunch;9;0;1
752;TechCrunch;7;0;2
753;TechCrunch;4;0;1
754;TechCrunch;5;0;1
755;TechCrunch;11;0;2
756;TechCrunch;12;1;1
757;TechCrunch;26;2;3
758;TechCrunch;4;0;1
759;TechCrunch;11;0;2
760;TechCrunch;6;0;1
761;TechCrunch;7;0;1
762;TechCrunch;14;0;2
763;TechCrunch;5;0;1
764;TechCrunch;26;0;3
765;TechCrunch;16;0;2
766;TechCrunch;15;1;1
767;TechCrunch;4;0;1
768;TechCrunch;14;0;2
769;TechCrunch;5;0;1
770;TechCrunch;7;0;2
771;TechCrunch;6;0;1
772;TechCrunch;10;0;1
773;TechCrunch;10;0;1
774;TechCrunch;9;0;1
775;TechCrunch;4;0;1
776;TechCrunch;15;0;2
777;TechCrunch;14;0;1
778;TechCrunch;14;0;3
779;TechCrunch;5;0;1
780;TechCrunch;8;0;1
781;TechCrunch;13;0;2
782;TechCrunch;9;0;2
783;TechCrunch;12;0;2
784;TechCrunch;5;0;1
785;TechCrunch;9;0;1
786;TechCrunch;23;1;2
787;TechCrunch;10;0;2
788;TechCrunch;15;0;1
789;TechCrunch;10;0;1
790;TechCrunch;20;1;3
791;TechCrunch;8;0;2
792;TechCrunch;11;0;2
793;TechCrunch;15;0;1
794;TechCrunch;8;0;2
795;TechCrunch;9;0;2
796;TechCrunch;10;0;1
797;TechCrunch;8;0;1
798;TechCrunch;9;0;1
799;TechCrunch;9;0;2
800;TechCrunch;11;0;2
801;TechCrunch;14;0;2
802;TechCrunch;8;0;1
803;TechCrunch;11;0;2
804;TechCrunch;16;0;2
805;TechCrunch;18;2;1
806;TechCrunch;4;0;1
807;TechCrunch;8;0;1
808;TechCrunch;6;0;1
809;TechCrunch;5;0;1
810;TechCrunch;8;0;2
811;TechCrunch;13;0;2
812;TechCrunch;6;0;1
813;TechCrunch;4;0;1
814;TechCrunch;4;0;1
815;TechCrunch;10;0;3
816;TechCrunch;4;0;1
817;TechCrunch;14;0;2
818;TechCrunch;8;0;2
819;TechCrunch;6;0;2
820;TechCrunch;8;0;2
821;TechCrunch;17;1;3
822;TechCrunch;13;0;1
823;TechCrunch;6;0;1
824;TechCrunch;8;1;4
825;TechCrunch;13;0;2
826;TechCrunch;11;0;2
827;TechCrunch;11;0;2
828;TechCrunch;7;0;2
829;TechCrunch;4;0;1
830;TechCrunch;24;1;2
831;TechCrunch;9;0;1
832;TechCrunch;7;0;1
833;TechCrunch;8;0;1
834;TechCrunch;6;0;1
835;TechCrunch;21;2;3
836;TechCrunch;24;0;3
837;TechCrunch;13;0;2
838;TechCrunch;13;0;2
839;TechCrunch;19;0;2
840;TechCrunch;12;0;3
841;TechCrunch;7;0;1
842;TechCrunch;5;0;1
843;TechCrunch;12;0;1
844;TechCrunch;13;0;2
845;TechCrunch;11;0;1
846;TechCrunch;5;0;1
847;TechCrunch;33;0;4
848;TechCrunch;2;0;1
849;TechCrunch;4;0;1
850;TechCrunch;6;0;1
851;TechCrunch;12;1;1
852;TechCrunch;9;0;1
853;TechCrunch;19;0;3
854;TechCrunch;8;0;1
855;TechCrunch;9;0;1
856;TechCrunch;14;0;1
857;TechCrunch;35;0;1
858;TechCrunch;5;0;1
859;TechCrunch;5;0;1
860;TechCrunch;5;0;1
861;TechCrunch;5;0;1
862;TechCrunch;9;0;1
863;TechCrunch;5;0;1
864;TechCrunch;5;0;1
865;TechCrunch;16;2;1
866;TechCrunch;5;0;1
867;TechCrunch;6;0;1
868;TechCrunch;6;0;1
869;TechCrunch;10;0;1
870;TechCrunch;21;0;4
871;TechCrunch;17;0;1
872;TechCrunch;4;0;1
873;TechCrunch;4;0;1
874;TechCrunch;12;0;1
875;TechCrunch;9;0;2
876;TechCrunch;9;0;1
877;TechCrunch;8;0;1
878;TechCrunch;6;0;1
879;TechCrunch;15;0;1
880;TechCrunch;14;0;1
881;TechCrunch;5;0;1
882;TechCrunch;4;0;1
883;TechCrunch;10;0;1
884;TechCrunch;5;0;1
885;TechCrunch;9;0;1
886;TechCrunch;19;0;1
887;TechCrunch;29;0;2
888;TechCrunch;7;0;1
889;TechCrunch;9;0;1
890;TechCrunch;6;0;1
891;TechCrunch;14;0;1
892;TechCrunch;12;0;2
893;TechCrunch;4;0;1
894;TechCrunch;7;0;1
895;TechCrunch;15;0;2
896;TechCrunch;9;0;1
897;TechCrunch;8;0;1
898;TechCrunch;6;0;1
899;TechCrunch;8;0;1
900;TechCrunch;6;0;1
901;TechCrunch;9;0;1
902;TechCrunch;8;0;1
903;TechCrunch;7;0;1
904;TechCrunch;8;0;1
905;TechCrunch;9;0;1
906;TechCrunch;8;2;1
907;TechCrunch;9;0;1
908;TechCrunch;12;0;1
909;TechCrunch;19;1;1
910;TechCrunch;8;0;4
911;TechCrunch;10;0;1
912;TechCrunch;4;0;1
913;TechCrunch;11;0;1
914;TechCrunch;17;0;0
915;TechCrunch;8;0;1
916;TechCrunch;6;0;1
917;TechCrunch;6;0;1
918;TechCrunch;12;0;1
919;TechCrunch;14;0;1
920;TechCrunch;5;0;1
921;TechCrunch;4;0;1
922;TechCrunch;7;0;1
923;TechCrunch;8;0;1
924;TechCrunch;9;0;1
925;TechCrunch;19;1;3
926;TechCrunch;15;1;2
927;TechCrunch;6;0;1
928;TechCrunch;17;0;1
929;TechCrunch;7;0;1
930;TechCrunch;15;0;1
931;TechCrunch;10;0;1
932;TechCrunch;12;0;2
933;TechCrunch;17;0;1
934;TechCrunch;7;0;1
935;TechCrunch;17;0;2
936;TechCrunch;34;0;2
937;TechCrunch;7;0;1
938;TechCrunch;17;0;1
939;TechCrunch;6;7;1
940;TechCrunch;7;0;1
941;TechCrunch;16;0;1
942;TechCrunch;6;0;1
943;TechCrunch;4;0;1
944;TechCrunch;9;0;1
945;TechCrunch;4;0;1
946;TechCrunch;5;0;1
947;TechCrunch;30;0;5
948;TechCrunch;10;0;1
949;TechCrunch;4;0;1
950;TechCrunch;24;0;5
951;TechCrunch;9;0;1
952;TechCrunch;7;0;1
953;TechCrunch;7;0;1
954;TechCrunch;5;0;1
955;TechCrunch;8;0;1
956;TechCrunch;8;0;1
957;TechCrunch;15;0;3
958;TechCrunch;47;0;1
959;TechCrunch;6;0;1
960;TechCrunch;10;0;1
961;TechCrunch;16;0;1
962;TechCrunch;24;0;4
963;TechCrunch;5;0;1
964;TechCrunch;5;0;1
965;TechCrunch;9;0;1
966;TechCrunch;5;0;1
967;TechCrunch;7;0;1
968;TechCrunch;8;0;1
969;TechCrunch;5;0;1
970;TechCrunch;6;0;1
971;TechCrunch;9;0;1
972;TechCrunch;3;0;1
973;TechCrunch;4;0;1
974;TechCrunch;8;0;1
975;TechCrunch;11;0;2
976;TechCrunch;12;0;1
977;TechCrunch;5;0;1
978;TechCrunch;4;0;1
979;TechCrunch;9;0;1
980;TechCrunch;19;0;1
981;TechCrunch;8;0;2
982;TechCrunch;4;0;2
983;TechCrunch;8;0;1
984;TechCrunch;3;0;1
985;TechCrunch;15;0;3
986;TechCrunch;6;0;1
987;TechCrunch;17;0;1
988;TechCrunch;4;0;1
989;TechCrunch;4;0;1
990;TechCrunch;8;0;1
991;TechCrunch;8;0;2
992;TechCrunch;8;0;1
993;TechCrunch;7;0;1
994;TechCrunch;10;0;1
995;TechCrunch;4;0;1
996;TechCrunch;9;0;2
997;TechCrunch;7;0;1
998;TechCrunch;38;0;1
999;TechCrunch;7;0;2
1000;TechCrunch;4;0;1
1001;TechCrunch;4;0;1
1002;TechCrunch;4;0;1
1003;TechCrunch;9;0;1
1004;TechCrunch;4;0;1
1005;TechCrunch;4;0;1
1006;TechCrunch;5;0;1
1007;TechCrunch;10;0;5
1008;TechCrunch;6;0;1
1009;TechCrunch;6;0;2
1010;TechCrunch;5;0;1
1011;TechCrunch;13;0;1
1012;TechCrunch;6;0;1
1013;TechCrunch;4;0;1
1014;TechCrunch;8;0;3
1015;TechCrunch;13;0;3
1016;TechCrunch;5;0;1
1017;TechCrunch;9;0;1
1018;TechCrunch;11;0;3
1019;TechCrunch;7;0;2
1020;TechCrunch;6;0;1
1021;TechCrunch;6;0;1
1022;TechCrunch;12;0;1
1023;TechCrunch;5;0;1
1024;TechCrunch;5;0;1
1025;TechCrunch;21;0;1
1026;TechCrunch;7;0;1
1027;TechCrunch;6;0;2
1028;TechCrunch;6;0;2
1029;TechCrunch;7;0;3
1030;TechCrunch;11;0;1
1031;TechCrunch;9;0;2
1032;TechCrunch;7;1;1
1033;TechCrunch;7;0;2
1034;TechCrunch;4;0;1
1035;TechCrunch;6;0;2
1036;TechCrunch;3;0;1
1037;TechCrunch;47;0;18
1038;TechCrunch;10;0;2
1039;TechCrunch;3;0;0
1040;TechCrunch;5;0;0
1041;TechCrunch;11;0;0
1042;TechCrunch;10;0;1
1043;TechCrunch;13;0;0
1044;TechCrunch;5;0;0
1045;TechCrunch;3;0;0
1046;TechCrunch;5;0;0
1047;TechCrunch;4;0;0
1048;TechCrunch;5;0;0
1049;TechCrunch;6;0;1
1050;TechCrunch;9;0;1
1051;TechCrunch;5;0;0
1052;TechCrunch;12;0;0
1053;TechCrunch;12;0;1
1054;TechCrunch;16;0;0
1055;TechCrunch;4;0;0
1056;TechCrunch;8;0;0
1057;TechCrunch;5;0;1
1058;TechCrunch;12;0;0
1059;TechCrunch;11;1;0
1060;TechCrunch;6;0;0
1061;TechCrunch;5;0;1
1062;TechCrunch;5;0;0
1063;TechCrunch;5;0;1
1064;TechCrunch;8;1;3
1065;TechCrunch;7;0;0
1066;TechCrunch;9;0;0
1067;TechCrunch;7;0;0
1068;TechCrunch;28;1;3
1069;TechCrunch;7;0;1
1070;TechCrunch;5;0;0
1071;TechCrunch;4;0;0
1072;TechCrunch;3;0;0
1073;TechCrunch;22;1;7
1074;TechCrunch;10;0;0
1075;TechCrunch;13;0;1
1076;TechCrunch;10;0;1
1077;TechCrunch;18;0;0
1078;TechCrunch;5;0;0
1079;TechCrunch;9;0;1
1080;TechCrunch;3;0;0
1081;TechCrunch;7;0;0
1082;TechCrunch;20;0;1
1083;TechCrunch;16;0;1
1084;TechCrunch;10;1;9
1085;TechCrunch;7;0;0
1086;TechCrunch;9;0;0
1087;TechCrunch;6;0;0
1088;TechCrunch;8;0;0
1089;TechCrunch;15;0;0
1090;TechCrunch;6;0;0
1091;TechCrunch;4;0;0
1092;TechCrunch;10;0;0
1093;TechCrunch;15;0;0
1094;TechCrunch;58;3;2
1095;TechCrunch;5;1;7
1096;TechCrunch;16;4;3
1097;TechCrunch;6;0;1
1098;TechCrunch;3;1;0
1099;TechCrunch;6;0;0
1100;TechCrunch;4;0;0
1101;TechCrunch;11;0;0
1102;TechCrunch;5;0;0
1103;TechCrunch;4;0;0
1104;TechCrunch;7;0;1
1105;TechCrunch;8;0;1
1106;TechCrunch;8;1;27
1107;TechCrunch;4;0;0
1108;TechCrunch;14;1;13
1109;TechCrunch;6;1;10
1110;TechCrunch;8;0;2
1111;TechCrunch;8;0;0
1112;TechCrunch;10;0;0
1113;TechCrunch;11;0;0
1114;TechCrunch;38;2;3
1115;TechCrunch;14;1;12
1116;TechCrunch;11;0;0
1117;TechCrunch;5;0;1
1118;TechCrunch;12;0;0
1119;TechCrunch;17;0;0
1120;TechCrunch;8;0;0
1121;TechCrunch;4;0;0
1122;TechCrunch;4;0;0
1123;TechCrunch;7;0;0
1124;TechCrunch;6;0;0
1125;TechCrunch;12;0;2
1126;TechCrunch;5;0;0
1127;TechCrunch;7;0;1
1128;TechCrunch;8;0;0
1129;TechCrunch;4;0;0
1130;TechCrunch;8;0;0
1131;TechCrunch;4;0;0
1132;TechCrunch;5;0;0
1133;TechCrunch;8;0;0
1134;TechCrunch;16;1;3
1135;TechCrunch;5;0;0
1136;TechCrunch;7;0;0
1137;TechCrunch;6;0;0
1138;TechCrunch;4;0;0
1139;TechCrunch;4;0;0
1140;TechCrunch;5;0;0
1141;TechCrunch;10;2;6
1142;TechCrunch;11;0;0
1143;TechCrunch;4;0;0
1144;TechCrunch;4;0;0
1145;TechCrunch;28;5;2
1146;TechCrunch;4;0;1
1147;TechCrunch;6;0;0
1148;TechCrunch;4;0;0
1149;TechCrunch;7;0;0
1150;TechCrunch;8;0;1
1151;TechCrunch;4;0;0
1152;TechCrunch;23;0;4
1153;TechCrunch;4;0;0
1155;TechCrunch;18;0;3
1156;TechCrunch;11;5;5
1157;TechCrunch;18;0;3
1158;TechCrunch;8;0;0
1159;TechCrunch;8;0;0
1160;TechCrunch;12;0;0
1161;TechCrunch;7;1;18
1162;TechCrunch;3;0;0
1163;TechCrunch;5;1;2
1164;TechCrunch;6;0;0
1165;TechCrunch;4;0;0
1166;TechCrunch;6;0;0
1167;TechCrunch;12;0;0
1168;TechCrunch;13;0;0
1169;TechCrunch;7;1;0
1170;TechCrunch;6;0;0
1171;TechCrunch;4;0;0
1172;TechCrunch;4;0;0
1173;TechCrunch;8;0;0
1174;TechCrunch;5;1;5
1175;TechCrunch;6;0;0
1176;TechCrunch;5;0;0
1177;TechCrunch;8;0;0
1178;TechCrunch;14;0;0
1179;TechCrunch;5;0;0
1180;TechCrunch;4;0;0
1181;TechCrunch;15;0;0
1182;TechCrunch;5;0;0
1183;TechCrunch;6;0;0
1184;TechCrunch;6;1;5
1185;TechCrunch;8;0;0
1186;TechCrunch;5;1;7
1187;TechCrunch;5;0;0
1188;TechCrunch;11;0;0
1189;TechCrunch;15;0;2
1190;TechCrunch;9;1;7
1191;TechCrunch;6;0;0
1192;TechCrunch;4;0;0
1193;TechCrunch;4;0;0
1194;TechCrunch;6;0;0
1195;TechCrunch;5;0;0
1196;TechCrunch;15;0;0
1197;TechCrunch;3;0;0
1198;TechCrunch;4;0;0
1199;TechCrunch;15;1;4
1200;TechCrunch;3;1;0
1201;TechCrunch;7;0;0
1202;TechCrunch;4;0;0
1203;TechCrunch;8;0;0
1204;TechCrunch;6;0;0
1205;TechCrunch;7;0;0
1206;TechCrunch;3;0;0
1207;TechCrunch;5;0;0
1208;TechCrunch;10;0;1
1209;TechCrunch;3;1;0
1210;TechCrunch;4;0;0
1211;TechCrunch;7;0;0
1212;TechCrunch;6;0;0
1213;TechCrunch;6;0;0
1214;TechCrunch;3;0;0
1215;TechCrunch;53;0;0
1216;TechCrunch;8;0;0
1217;TechCrunch;5;0;0
1218;TechCrunch;4;0;0
1219;TechCrunch;4;0;0
1220;TechCrunch;4;0;0
1221;TechCrunch;21;0;0
1222;TechCrunch;12;0;0
1223;TechCrunch;5;0;0
1224;TechCrunch;4;0;0
1225;TechCrunch;7;0;0
1226;TechCrunch;8;0;0
1227;TechCrunch;5;0;0
1228;TechCrunch;6;0;0
1229;TechCrunch;7;0;0
1230;TechCrunch;18;0;0
1231;TechCrunch;10;0;0
1232;TechCrunch;11;1;3
1233;TechCrunch;5;0;0
1234;TechCrunch;3;0;0
1235;TechCrunch;11;0;0
1236;TechCrunch;11;0;0
1237;TechCrunch;6;0;0
1238;TechCrunch;4;0;0
1239;TechCrunch;6;0;0
1240;TechCrunch;5;0;1
1241;TechCrunch;5;0;0
1242;TechCrunch;6;1;1
1243;TechCrunch;6;1;3
1244;TechCrunch;4;0;0
1245;TechCrunch;7;0;0
1246;TechCrunch;3;0;0
1247;TechCrunch;6;0;0
1248;TechCrunch;5;1;12
1249;TechCrunch;12;0;0
1250;TechCrunch;5;0;0
1251;TechCrunch;4;0;0
1252;TechCrunch;13;0;1
1253;TechCrunch;3;0;0
1254;TechCrunch;5;0;0
1255;TechCrunch;11;0;0
1256;TechCrunch;5;0;0
1257;TechCrunch;6;0;0
1258;TechCrunch;5;0;0
1259;TechCrunch;6;1;5
1260;TechCrunch;5;0;0
1261;TechCrunch;11;0;1
1262;TechCrunch;8;0;0
1263;TechCrunch;5;0;0
1264;TechCrunch;9;0;1
1265;TechCrunch;6;0;0
1266;TechCrunch;15;0;1
1267;TechCrunch;13;0;0
1268;TechCrunch;5;0;0
1269;TechCrunch;4;0;0
1270;TechCrunch;5;0;0
1271;TechCrunch;7;1;34
1272;TechCrunch;10;0;0
1273;TechCrunch;13;0;0
1274;TechCrunch;11;0;0
1275;TechCrunch;5;0;0
1276;TechCrunch;21;0;2
1277;TechCrunch;4;0;0
1278;TechCrunch;13;0;3
1279;TechCrunch;4;0;0
1280;TechCrunch;5;0;0
1281;TechCrunch;7;0;0
1282;TechCrunch;13;0;0
1283;TechCrunch;7;0;1
1284;TechCrunch;24;0;2
1285;TechCrunch;4;0;0
1286;TechCrunch;4;0;0
1287;TechCrunch;3;0;0
1288;TechCrunch;13;0;0
1289;TechCrunch;8;0;0
1290;TechCrunch;4;0;0
1291;TechCrunch;9;0;3
1292;TechCrunch;4;0;0
1293;TechCrunch;4;0;0
1294;TechCrunch;4;0;0
1295;TechCrunch;4;0;0
1296;TechCrunch;4;0;0
1297;TechCrunch;18;3;4
1298;TechCrunch;36;6;1
1299;TechCrunch;6;0;0
1300;TechCrunch;6;0;0
1301;TechCrunch;7;0;0
1302;TechCrunch;4;0;0
1303;TechCrunch;5;0;0
1304;TechCrunch;8;0;1
1305;TechCrunch;5;0;0
1306;TechCrunch;5;0;0
1307;TechCrunch;7;0;0
1308;TechCrunch;7;0;0
1309;TechCrunch;5;0;0
1310;TechCrunch;6;0;0
1311;TechCrunch;11;0;3
1312;TechCrunch;4;0;0
1313;TechCrunch;3;0;0
1314;TechCrunch;5;0;0
1315;TechCrunch;6;0;0
1316;TechCrunch;6;0;0
1317;TechCrunch;10;0;1
1318;TechCrunch;5;0;0
1319;TechCrunch;4;0;0
1320;TechCrunch;9;0;0
1321;TechCrunch;7;0;0
1322;TechCrunch;9;0;1
1323;TechCrunch;5;0;0
1324;TechCrunch;7;2;0
1325;TechCrunch;4;0;0
1326;TechCrunch;4;0;0
1327;TechCrunch;35;0;0
1328;TechCrunch;6;0;0
1329;TechCrunch;4;0;0
1330;TechCrunch;3;0;0
1331;TechCrunch;21;0;4
1332;TechCrunch;5;1;15
1333;TechCrunch;3;0;0
1334;TechCrunch;5;0;0
1335;TechCrunch;5;0;0
1336;TechCrunch;6;0;0
1337;TechCrunch;5;0;0
1338;TechCrunch;7;0;0
1339;TechCrunch;18;0;0
1340;TechCrunch;6;0;0
1341;TechCrunch;4;1;7
1342;TechCrunch;6;0;0
1343;TechCrunch;27;5;1
1344;TechCrunch;11;0;0
1346;TechCrunch;3;0;0
1347;TechCrunch;6;0;0
1348;TechCrunch;8;0;0
1349;TechCrunch;6;0;1
1350;TechCrunch;6;0;0
1351;TechCrunch;11;1;0
1352;TechCrunch;9;0;0
1353;TechCrunch;4;0;0
1354;TechCrunch;7;0;0
1355;TechCrunch;5;0;0
1356;TechCrunch;5;0;0
1357;TechCrunch;5;0;0
1358;TechCrunch;11;0;0
1359;TechCrunch;5;0;0
1360;TechCrunch;8;0;0
1361;TechCrunch;3;0;0
1362;TechCrunch;6;0;2
1363;TechCrunch;11;0;1
1364;TechCrunch;7;0;0
1365;TechCrunch;7;0;0
1366;TechCrunch;4;0;0
1367;TechCrunch;6;0;0
1368;TechCrunch;8;0;0
1369;TechCrunch;9;0;0
1370;TechCrunch;5;0;0
1371;TechCrunch;7;0;0
1372;TechCrunch;6;0;0
1373;TechCrunch;6;0;0
1374;TechCrunch;7;0;0
1375;TechCrunch;3;0;0
1376;TechCrunch;9;0;0
1377;TechCrunch;5;1;0
1378;TechCrunch;6;0;1
1379;TechCrunch;6;0;0
1380;TechCrunch;10;0;0
1381;TechCrunch;3;0;0
1382;TechCrunch;5;0;1
1383;TechCrunch;6;0;0
1384;TechCrunch;6;0;0
1385;TechCrunch;3;0;0
1386;TechCrunch;4;0;0
1387;TechCrunch;5;0;0
1388;TechCrunch;4;0;0
1389;TechCrunch;6;0;0
1390;TechCrunch;7;0;0
1391;TechCrunch;12;0;2
1392;TechCrunch;9;0;2
1393;TechCrunch;3;1;0
1394;TechCrunch;7;0;0
1395;TechCrunch;19;0;0
1396;TechCrunch;17;0;0
1397;TechCrunch;4;0;0
1398;TechCrunch;6;0;0
1399;TechCrunch;12;0;3
1400;TechCrunch;6;0;0
1401;TechCrunch;4;0;0
1402;TechCrunch;7;0;0
1403;TechCrunch;5;0;0
1404;TechCrunch;7;0;1
1405;TechCrunch;6;1;2
1406;TechCrunch;7;0;1
1407;TechCrunch;4;0;0
1408;TechCrunch;5;0;0
1409;TechCrunch;4;0;0
1410;TechCrunch;7;0;0
1411;TechCrunch;6;0;0
1412;TechCrunch;4;0;0
1413;TechCrunch;7;0;0
1414;TechCrunch;6;0;1
1415;TechCrunch;20;0;2
1416;TechCrunch;4;0;0
1417;TechCrunch;3;0;0
1418;TechCrunch;4;0;0
1419;TechCrunch;5;0;0
1420;TechCrunch;5;0;0
1421;TechCrunch;7;0;0
1422;TechCrunch;5;0;0
1423;TechCrunch;5;0;0
1424;TechCrunch;23;0;0
1425;TechCrunch;7;2;16
1426;TechCrunch;25;0;0
1427;TechCrunch;29;0;1
1428;TechCrunch;7;0;1
1429;TechCrunch;7;0;0
1430;TechCrunch;3;0;0
1431;TechCrunch;4;0;0
1432;TechCrunch;5;0;0
1433;TechCrunch;12;0;0
1434;TechCrunch;5;0;0
1435;TechCrunch;5;0;0
1436;TechCrunch;21;0;0
1437;TechCrunch;5;0;0
1438;TechCrunch;3;0;0
1439;TechCrunch;10;0;0
1440;TechCrunch;25;0;0
1441;TechCrunch;5;0;0
1442;TechCrunch;6;1;4
1443;TechCrunch;17;1;0
1444;TechCrunch;7;0;0
1445;TechCrunch;4;0;0
1446;TechCrunch;5;0;0
1447;TechCrunch;10;0;0
1448;TechCrunch;4;0;0
1449;TechCrunch;9;0;0
1450;TechCrunch;5;0;0
1451;TechCrunch;4;0;0
1452;TechCrunch;7;1;5
1453;TechCrunch;3;0;0
1454;TechCrunch;4;1;13
1455;TechCrunch;9;0;0
1456;TechCrunch;6;0;0
1457;TechCrunch;6;1;3
1458;TechCrunch;4;0;0
1459;TechCrunch;4;0;0
1460;TechCrunch;15;0;0
1461;TechCrunch;6;0;0
1462;TechCrunch;4;0;0
1463;TechCrunch;6;0;1
1464;TechCrunch;14;0;1
1465;TechCrunch;8;0;0
1466;TechCrunch;4;0;0
1467;TechCrunch;5;0;1
1468;TechCrunch;5;0;0
1469;TechCrunch;4;0;0
1470;TechCrunch;7;0;0
1471;TechCrunch;6;0;0
1472;TechCrunch;4;0;0
1473;TechCrunch;5;0;0
1474;TechCrunch;10;0;0
1475;TechCrunch;5;0;0
1476;TechCrunch;16;0;0
1477;TechCrunch;5;1;0
1478;TechCrunch;22;0;2
1479;TechCrunch;11;0;1
1480;TechCrunch;8;0;0
1481;TechCrunch;14;0;3
1482;TechCrunch;15;0;0
1483;TechCrunch;9;0;0
1484;TechCrunch;3;0;0
1485;TechCrunch;5;0;0
1486;TechCrunch;25;1;4
1487;TechCrunch;4;1;0
1488;TechCrunch;7;0;1
1489;TechCrunch;1;0;0
1490;TechCrunch;5;0;0
1491;TechCrunch;7;0;0
1492;TechCrunch;5;0;0
1493;TechCrunch;7;0;0
1494;TechCrunch;5;0;0
1495;TechCrunch;8;0;0
1496;TechCrunch;6;0;0
1497;TechCrunch;8;0;0
1498;TechCrunch;6;0;0
1499;TechCrunch;4;0;0
1500;TechCrunch;5;0;0
1501;TechCrunch;7;0;0
1502;TechCrunch;4;0;0
1503;TechCrunch;10;0;1
1504;TechCrunch;28;0;4
1505;TechCrunch;5;0;0
1506;TechCrunch;10;2;8
1507;TechCrunch;7;0;0
1508;TechCrunch;5;0;0
1509;TechCrunch;5;1;13
1510;TechCrunch;5;1;4
1511;TechCrunch;4;0;0
1512;TechCrunch;5;0;0
1513;TechCrunch;5;0;0
1514;TechCrunch;8;0;0
1515;TechCrunch;8;0;2
1516;TechCrunch;9;0;2
1517;TechCrunch;13;0;2
1518;TechCrunch;5;0;0
1519;TechCrunch;5;0;0
1520;TechCrunch;7;1;10
1521;TechCrunch;13;1;34
1522;TechCrunch;7;0;0
1523;TechCrunch;6;0;0
1524;TechCrunch;5;0;0
1525;TechCrunch;4;0;0
1526;TechCrunch;6;1;5
1527;TechCrunch;11;1;14
1528;TechCrunch;11;0;1
1529;TechCrunch;7;0;0
1530;TechCrunch;6;0;0
1531;TechCrunch;9;1;11
1532;TechCrunch;9;2;39
1533;TechCrunch;4;0;0
1534;TechCrunch;4;0;0
1535;TechCrunch;9;0;0
1536;TechCrunch;7;1;9
1537;TechCrunch;5;0;0
1538;TechCrunch;7;0;1
1539;TechCrunch;157;0;192
1540;TechCrunch;13;1;8
1541;TechCrunch;6;0;0
1542;TechCrunch;12;0;0
1543;TechCrunch;3;0;0
1544;TechCrunch;7;0;1
1545;TechCrunch;11;0;3
1546;TechCrunch;8;0;0
1547;TechCrunch;11;0;0
1548;TechCrunch;29;0;0
1549;TechCrunch;6;1;0
1550;TechCrunch;4;0;0
1551;TechCrunch;5;0;0
1552;TechCrunch;6;0;1
1553;TechCrunch;7;0;0
1554;TechCrunch;6;0;0
1555;TechCrunch;4;0;0
1556;TechCrunch;50;1;10
1557;TechCrunch;7;0;0
1558;TechCrunch;7;0;0
1559;TechCrunch;20;0;0
1560;TechCrunch;6;1;7
1561;TechCrunch;4;0;0
1562;TechCrunch;4;1;3
1563;TechCrunch;11;0;0
1564;TechCrunch;6;0;0
1565;TechCrunch;5;0;0
1566;TechCrunch;20;0;0
1567;TechCrunch;5;0;0
1568;TechCrunch;4;0;0
1569;TechCrunch;6;0;0
1570;TechCrunch;4;0;0
1571;TechCrunch;8;0;1
1572;TechCrunch;4;0;0
1573;TechCrunch;5;0;0
1574;TechCrunch;10;0;0
1575;TechCrunch;5;1;6
1576;TechCrunch;4;0;0
1577;TechCrunch;6;0;0
1578;TechCrunch;13;0;0
1579;TechCrunch;7;0;0
1580;TechCrunch;5;0;0
1581;TechCrunch;8;0;0
1582;TechCrunch;4;0;0
1583;TechCrunch;6;0;0
1584;TechCrunch;10;0;1
1585;TechCrunch;7;0;0
1586;TechCrunch;9;0;0
1587;TechCrunch;10;0;0
1588;TechCrunch;28;0;6
1589;TechCrunch;6;0;0
1590;TechCrunch;4;1;0
1591;TechCrunch;20;0;3
1592;TechCrunch;8;0;0
1593;TechCrunch;4;0;0
1594;TechCrunch;20;0;4
1595;TechCrunch;12;0;0
1596;TechCrunch;8;0;1
1597;TechCrunch;5;0;0
1598;TechCrunch;4;0;0
1599;TechCrunch;6;0;0
1600;TechCrunch;5;0;0
1601;TechCrunch;5;0;0
1602;TechCrunch;23;4;5
1603;TechCrunch;18;0;0
1604;TechCrunch;5;0;0
1605;TechCrunch;8;0;0
1606;TechCrunch;20;1;0
1607;TechCrunch;6;0;0
1608;TechCrunch;8;0;0
1609;TechCrunch;4;0;0
1610;TechCrunch;6;0;0
1611;TechCrunch;3;0;0
1612;TechCrunch;4;0;0
1613;TechCrunch;12;1;0
1614;TechCrunch;8;0;0
1615;TechCrunch;5;0;0
1616;TechCrunch;12;1;0
1617;TechCrunch;8;0;0
1618;TechCrunch;4;0;0
1619;TechCrunch;20;0;0
1620;TechCrunch;8;0;0
1621;TechCrunch;5;1;3
1622;TechCrunch;5;0;0
1623;TechCrunch;12;0;1
1624;TechCrunch;8;1;2
1625;TechCrunch;5;0;0
1626;TechCrunch;5;0;0
1627;TechCrunch;5;0;0
1628;TechCrunch;8;0;0
1629;TechCrunch;5;0;0
1630;TechCrunch;5;0;0
1631;TechCrunch;5;0;0
1632;TechCrunch;6;0;0
1633;TechCrunch;34;2;4
1634;TechCrunch;8;0;0
1635;TechCrunch;5;0;0
1636;TechCrunch;5;0;0
1637;TechCrunch;4;0;0
1638;TechCrunch;23;7;2
1639;TechCrunch;3;0;0
1640;TechCrunch;11;0;0
1641;TechCrunch;8;0;0
1642;TechCrunch;22;0;0
1643;TechCrunch;8;0;0
1644;TechCrunch;5;0;0
1645;TechCrunch;7;0;0
1646;TechCrunch;8;0;0
1647;TechCrunch;17;1;0
1648;TechCrunch;8;0;1
1649;TechCrunch;7;1;4
1650;TechCrunch;6;0;0
1651;TechCrunch;18;3;2
1652;TechCrunch;43;0;0
1653;TechCrunch;15;0;0
1654;TechCrunch;5;0;0
1655;TechCrunch;6;0;0
1656;TechCrunch;6;0;1
1657;TechCrunch;4;0;0
1658;TechCrunch;6;0;0
1659;TechCrunch;23;0;0
1660;TechCrunch;6;0;0
1661;TechCrunch;5;0;0
1662;TechCrunch;7;0;0
1663;TechCrunch;11;0;1
1664;TechCrunch;6;0;0
1665;TechCrunch;7;0;0
1666;TechCrunch;5;0;0
1667;TechCrunch;7;0;0
1668;TechCrunch;17;0;0
1669;TechCrunch;7;0;0
1670;TechCrunch;8;0;1
1671;TechCrunch;13;0;0
1672;TechCrunch;5;0;0
1673;TechCrunch;5;0;0
1674;TechCrunch;8;0;0
1675;TechCrunch;4;0;1
1676;TechCrunch;6;0;0
1677;TechCrunch;6;1;2
1678;TechCrunch;4;1;2
1679;TechCrunch;8;0;0
1680;TechCrunch;4;0;0
1681;TechCrunch;10;0;0
1682;TechCrunch;8;0;1
1683;TechCrunch;19;0;0
1684;TechCrunch;7;0;0
1685;TechCrunch;4;0;0
1686;TechCrunch;6;0;0
1687;TechCrunch;3;0;0
1688;TechCrunch;5;0;0
1689;TechCrunch;10;0;0
1690;TechCrunch;8;0;0
1691;TechCrunch;10;0;0
1692;TechCrunch;33;0;0
1693;TechCrunch;5;0;0
1694;TechCrunch;8;0;1
1695;TechCrunch;32;1;1
1696;TechCrunch;12;0;0
1697;TechCrunch;6;0;0
1698;TechCrunch;4;0;0
1699;TechCrunch;10;0;0
1700;TechCrunch;3;0;0
1701;TechCrunch;8;0;0
1702;TechCrunch;4;0;0
1703;TechCrunch;17;0;1
1704;TechCrunch;7;0;0
1705;TechCrunch;17;0;0
1706;TechCrunch;4;0;0
1707;TechCrunch;5;0;0
1708;TechCrunch;14;0;1
1709;TechCrunch;8;0;0
1710;TechCrunch;3;0;0
1711;TechCrunch;8;0;0
1712;TechCrunch;5;0;0
1713;TechCrunch;4;0;0
1714;TechCrunch;4;0;0
1715;TechCrunch;20;0;0
1716;TechCrunch;7;0;1
1717;TechCrunch;4;0;0
1718;TechCrunch;5;0;0
1719;TechCrunch;9;0;0
1720;TechCrunch;18;0;0
1721;TechCrunch;10;3;58
1722;TechCrunch;11;0;0
1723;TechCrunch;6;0;0
1724;TechCrunch;5;0;0
1725;TechCrunch;26;0;3
1726;TechCrunch;5;0;0
1727;TechCrunch;8;0;0
1728;TechCrunch;19;5;8
1729;TechCrunch;20;5;10
1730;TechCrunch;5;0;0
1731;TechCrunch;5;0;0
1732;TechCrunch;4;0;0
1733;TechCrunch;11;0;0
1734;TechCrunch;18;1;0
1735;TechCrunch;6;1;1
1736;TechCrunch;18;0;1
1737;TechCrunch;4;0;0
1738;TechCrunch;7;0;0
1739;TechCrunch;8;0;0
1740;TechCrunch;11;0;0
1741;TechCrunch;13;0;0
1742;TechCrunch;12;0;0
1743;TechCrunch;24;0;0
1744;TechCrunch;19;1;1
1745;TechCrunch;5;0;0
1746;TechCrunch;7;0;0
1747;TechCrunch;4;0;0
1748;TechCrunch;12;0;0
1749;TechCrunch;5;0;0
1750;TechCrunch;4;0;0
1751;TechCrunch;17;0;3
1752;TechCrunch;20;1;0
1753;TechCrunch;8;0;0
1754;TechCrunch;9;0;1
1755;TechCrunch;15;1;14
1756;TechCrunch;7;0;0
1757;TechCrunch;4;0;0
1758;TechCrunch;4;0;0
1759;TechCrunch;39;1;12
1760;TechCrunch;4;0;0
1761;TechCrunch;10;1;14
1762;TechCrunch;5;0;0
1763;TechCrunch;5;0;0
1764;TechCrunch;12;1;5
1765;TechCrunch;7;0;0
1766;TechCrunch;18;5;3
1767;TechCrunch;10;0;0
1768;TechCrunch;8;0;0
1769;TechCrunch;6;0;1
1770;TechCrunch;17;0;2
1771;TechCrunch;5;0;0
1772;TechCrunch;8;0;0
1773;TechCrunch;4;0;0
1774;TechCrunch;4;0;0
1775;TechCrunch;3;0;0
1776;TechCrunch;16;0;2
1777;TechCrunch;23;1;0
1778;TechCrunch;5;0;0
1779;TechCrunch;4;0;0
1780;TechCrunch;5;1;5
1781;TechCrunch;6;0;0
1782;TechCrunch;15;1;0
1783;TechCrunch;8;0;0
1784;TechCrunch;19;3;4
1785;TechCrunch;6;1;0
1786;TechCrunch;7;0;0
1787;TechCrunch;24;1;0
1788;TechCrunch;12;0;0
1789;TechCrunch;3;0;0
1790;TechCrunch;4;0;0
1791;TechCrunch;6;0;1
1792;TechCrunch;7;1;9
1793;TechCrunch;28;1;0
1794;TechCrunch;13;0;0
1795;TechCrunch;13;3;3
1796;TechCrunch;218;0;50
1797;TechCrunch;6;0;0
1798;TechCrunch;5;0;0
1799;TechCrunch;7;0;0
1800;TechCrunch;7;0;0
1801;TechCrunch;27;0;2
1802;TechCrunch;3;0;0
1803;TechCrunch;14;1;1
1804;TechCrunch;15;0;0
1805;TechCrunch;7;2;28
1806;TechCrunch;5;0;1
1807;TechCrunch;6;0;0
1808;TechCrunch;6;0;0
1809;TechCrunch;6;0;2
1810;TechCrunch;5;0;0
1811;TechCrunch;8;0;0
1812;TechCrunch;11;0;0
1813;TechCrunch;4;0;0
1814;TechCrunch;5;0;0
1815;TechCrunch;10;0;0
1816;TechCrunch;5;0;0
1817;TechCrunch;5;0;0
1818;TechCrunch;5;0;0
1819;TechCrunch;5;0;0
1820;TechCrunch;8;1;0
1821;TechCrunch;4;0;0
1822;TechCrunch;4;0;0
1823;TechCrunch;6;0;0
1824;TechCrunch;8;0;1
1825;TechCrunch;7;0;0
1826;TechCrunch;6;0;0
1827;TechCrunch;6;0;0
1828;TechCrunch;32;1;0
1829;TechCrunch;6;0;0
1830;TechCrunch;14;0;0
1831;TechCrunch;7;0;0
1832;TechCrunch;11;0;0
1833;TechCrunch;4;0;0
1834;TechCrunch;4;0;0
1835;TechCrunch;6;0;0
1836;TechCrunch;9;0;0
1837;TechCrunch;11;0;1
1838;TechCrunch;7;0;1
1839;TechCrunch;12;0;0
1840;TechCrunch;16;0;1
1842;TechCrunch;5;0;1
1843;TechCrunch;8;0;0
1844;TechCrunch;14;1;0
1845;TechCrunch;4;0;0
1846;TechCrunch;15;0;0
1847;TechCrunch;24;5;2
1848;TechCrunch;6;0;0
1849;TechCrunch;11;0;0
1850;TechCrunch;4;0;0
1851;TechCrunch;22;1;4
1852;TechCrunch;5;0;0
1853;TechCrunch;9;0;0
1854;TechCrunch;4;0;0
1855;TechCrunch;7;0;1
1856;TechCrunch;18;0;1
1857;TechCrunch;6;0;0
1858;TechCrunch;4;0;0
1859;TechCrunch;6;0;0
1860;TechCrunch;7;0;0
1861;TechCrunch;12;0;1
1862;TechCrunch;7;0;1
1863;TechCrunch;12;0;2
1864;TechCrunch;5;0;0
1865;TechCrunch;4;0;0
1866;TechCrunch;16;0;0
1867;TechCrunch;7;0;0
1868;TechCrunch;5;0;0
1869;TechCrunch;9;0;0
1870;TechCrunch;13;0;0
1871;TechCrunch;10;0;1
1872;TechCrunch;3;0;0
1873;TechCrunch;9;0;2
1874;TechCrunch;13;0;0
1875;TechCrunch;9;0;0
1876;TechCrunch;10;0;0
1877;TechCrunch;4;0;0
1878;TechCrunch;5;0;0
1879;TechCrunch;6;0;1
1880;TechCrunch;5;0;0
1881;TechCrunch;4;0;0
1882;TechCrunch;7;0;0
1883;TechCrunch;4;1;0
1884;TechCrunch;14;1;0
1885;TechCrunch;3;0;0
1886;TechCrunch;6;0;0
1887;TechCrunch;9;0;0
1888;TechCrunch;5;0;0
1889;TechCrunch;6;0;0
1890;TechCrunch;7;1;3
1891;TechCrunch;11;0;0
1892;TechCrunch;7;0;0
1893;TechCrunch;10;0;0
1894;TechCrunch;8;1;1
1895;TechCrunch;9;0;1
1896;TechCrunch;11;0;2
1897;TechCrunch;5;0;0
1899;TechCrunch;8;0;1
1900;TechCrunch;10;0;0
1901;TechCrunch;7;0;0
1902;TechCrunch;22;0;1
1903;TechCrunch;7;1;0
1904;TechCrunch;6;0;0
1905;TechCrunch;8;0;0
1906;TechCrunch;12;0;0
1907;TechCrunch;18;0;0
1908;TechCrunch;11;0;0
1909;TechCrunch;9;0;0
1910;TechCrunch;15;0;0
1911;TechCrunch;5;0;0
1912;TechCrunch;8;0;0
1913;TechCrunch;28;0;0
1914;TechCrunch;8;0;0
1915;TechCrunch;7;0;0
1916;TechCrunch;47;1;0
1917;TechCrunch;29;0;0
1918;TechCrunch;25;0;3
1919;TechCrunch;8;1;0
1920;TechCrunch;10;0;0
1921;TechCrunch;4;2;0
1922;TechCrunch;13;0;0
1923;TechCrunch;11;0;0
1924;TechCrunch;7;0;1
1925;TechCrunch;31;1;0
1926;TechCrunch;8;0;0
1927;TechCrunch;31;0;1
1929;TechCrunch;12;0;2
1930;TechCrunch;8;0;0
1931;TechCrunch;7;0;0
1932;TechCrunch;8;0;0
1933;TechCrunch;8;0;0
1934;TechCrunch;10;0;1
1935;TechCrunch;16;1;0
1936;TechCrunch;6;0;1
1937;TechCrunch;11;0;0
1938;TechCrunch;7;0;0
1939;TechCrunch;5;0;0
1940;TechCrunch;22;0;0
1941;TechCrunch;9;0;0
1942;TechCrunch;11;0;0
1943;TechCrunch;8;0;0
1944;TechCrunch;6;0;0
1945;TechCrunch;9;0;0
1946;TechCrunch;9;0;0
1947;TechCrunch;10;0;2
1948;TechCrunch;5;0;0
1949;TechCrunch;8;0;0
1950;TechCrunch;6;0;0
1951;TechCrunch;18;0;3
1952;TechCrunch;8;0;0
1953;TechCrunch;15;0;2
1954;TechCrunch;17;0;3
1955;TechCrunch;5;0;0
1956;TechCrunch;20;0;0
1957;TechCrunch;13;0;0
1958;TechCrunch;9;0;0
1959;TechCrunch;8;0;0
1960;TechCrunch;7;0;1
1961;TechCrunch;4;0;0
1962;TechCrunch;17;0;0
1963;TechCrunch;7;0;0
1964;TechCrunch;6;0;0
1965;TechCrunch;9;0;0
1966;TechCrunch;17;0;1
1967;TechCrunch;6;1;4
1968;TechCrunch;6;0;0
1969;TechCrunch;6;0;0
1970;TechCrunch;11;0;2
1971;TechCrunch;14;0;0
