article_number;source_mag;paragraphs;lists;images
0;EVObsession;18;2;3
1;EVObsession;15;0;1
2;EVObsession;8;0;1
3;EVObsession;7;0;1
4;EVObsession;19;0;4
5;EVObsession;9;0;1
6;EVObsession;14;0;2
7;EVObsession;18;0;5
8;EVObsession;20;0;1
9;EVObsession;8;0;1
10;EVObsession;11;0;1
11;EVObsession;13;0;1
12;EVObsession;24;0;4
13;EVObsession;16;0;3
14;EVObsession;10;0;1
15;EVObsession;13;0;3
16;EVObsession;17;0;5
17;EVObsession;23;0;4
18;EVObsession;7;0;1
19;EVObsession;15;0;2
20;EVObsession;10;0;1
21;EVObsession;6;0;1
22;EVObsession;43;1;7
23;EVObsession;9;0;1
24;EVObsession;15;0;2
25;EVObsession;22;0;4
26;EVObsession;19;0;7
27;EVObsession;7;1;1
28;EVObsession;16;0;2
29;EVObsession;34;0;10
30;EVObsession;30;0;4
31;EVObsession;14;0;5
32;EVObsession;22;0;4
33;EVObsession;15;0;2
34;EVObsession;56;1;20
35;EVObsession;13;0;1
36;EVObsession;11;0;9
37;EVObsession;19;0;6
38;EVObsession;47;0;9
39;EVObsession;13;0;7
40;EVObsession;11;0;2
41;EVObsession;34;0;5
42;EVObsession;19;0;1
43;EVObsession;17;0;1
44;EVObsession;9;0;1
45;EVObsession;18;0;2
46;EVObsession;14;0;1
47;EVObsession;54;39;13
48;EVObsession;10;0;1
49;EVObsession;54;1;3
50;EVObsession;9;0;1
51;EVObsession;33;0;2
52;EVObsession;22;3;4
53;EVObsession;19;0;5
54;EVObsession;38;0;6
55;EVObsession;14;1;1
56;EVObsession;39;2;4
57;EVObsession;49;1;11
58;EVObsession;33;2;5
59;EVObsession;12;0;3
60;EVObsession;9;0;1
61;EVObsession;18;0;4
62;EVObsession;7;0;1
63;EVObsession;9;0;9
64;EVObsession;17;0;1
65;EVObsession;10;0;1
66;EVObsession;30;0;7
67;EVObsession;9;2;2
68;EVObsession;10;0;1
69;EVObsession;10;1;1
70;EVObsession;12;0;1
71;EVObsession;11;0;7
72;EVObsession;12;0;4
73;EVObsession;11;0;1
74;EVObsession;10;0;3
75;EVObsession;7;0;1
76;EVObsession;30;0;4
77;EVObsession;9;0;1
78;EVObsession;10;0;1
79;EVObsession;12;0;1
80;EVObsession;9;0;1
81;EVObsession;31;0;4
82;EVObsession;13;0;2
83;EVObsession;15;0;2
84;EVObsession;11;0;1
85;EVObsession;9;0;1
86;EVObsession;7;0;1
87;EVObsession;9;0;0
88;EVObsession;10;0;1
89;EVObsession;11;0;2
90;EVObsession;11;0;3
91;EVObsession;10;0;2
92;EVObsession;6;0;1
93;EVObsession;22;0;9
94;EVObsession;13;0;3
95;EVObsession;11;0;1
96;EVObsession;14;0;5
97;EVObsession;14;0;1
98;EVObsession;11;0;1
99;EVObsession;13;0;1
100;EVObsession;10;0;1
101;EVObsession;14;0;1
102;EVObsession;8;0;1
103;EVObsession;16;2;1
104;EVObsession;9;0;2
105;EVObsession;9;0;1
106;EVObsession;11;0;3
107;EVObsession;12;0;1
108;EVObsession;10;0;1
109;EVObsession;13;0;1
110;EVObsession;20;0;5
111;EVObsession;9;1;3
112;EVObsession;14;0;0
113;EVObsession;16;0;0
114;EVObsession;8;0;2
115;EVObsession;18;0;5
116;EVObsession;10;0;2
117;EVObsession;10;0;2
118;EVObsession;8;0;1
119;EVObsession;11;0;1
120;EVObsession;8;1;3
121;EVObsession;18;0;2
122;EVObsession;15;0;1
123;EVObsession;6;0;1
124;EVObsession;10;0;1
125;EVObsession;19;0;5
126;EVObsession;21;0;5
127;EVObsession;10;0;1
128;EVObsession;47;0;4
129;EVObsession;10;0;1
130;EVObsession;11;0;1
131;EVObsession;11;0;2
132;EVObsession;33;0;7
133;EVObsession;21;0;4
134;EVObsession;20;0;6
135;EVObsession;9;0;1
136;EVObsession;11;0;1
137;EVObsession;13;0;7
138;EVObsession;36;0;3
139;EVObsession;11;0;1
140;EVObsession;20;0;3
141;EVObsession;15;0;0
142;EVObsession;12;2;1
143;EVObsession;9;0;1
144;EVObsession;7;0;1
145;EVObsession;8;0;1
146;EVObsession;14;0;1
147;EVObsession;14;1;2
148;EVObsession;13;0;2
149;EVObsession;33;0;9
150;EVObsession;10;0;1
151;EVObsession;19;0;2
152;EVObsession;12;0;1
153;EVObsession;23;3;5
154;EVObsession;13;0;4
155;EVObsession;14;0;1
156;EVObsession;15;0;1
157;EVObsession;13;0;1
158;EVObsession;25;0;10
159;EVObsession;14;0;1
160;EVObsession;9;0;2
161;EVObsession;14;0;1
162;EVObsession;10;0;1
163;EVObsession;13;0;2
164;EVObsession;13;0;1
165;EVObsession;9;0;0
166;EVObsession;12;1;1
167;EVObsession;11;1;1
168;EVObsession;20;1;3
169;EVObsession;8;0;1
170;EVObsession;10;0;1
171;EVObsession;10;1;1
172;EVObsession;9;0;1
173;EVObsession;10;0;1
174;EVObsession;14;0;1
175;EVObsession;14;0;1
176;EVObsession;7;0;0
177;EVObsession;12;0;1
178;EVObsession;10;2;1
179;EVObsession;34;0;2
180;EVObsession;14;0;0
181;EVObsession;14;0;1
182;EVObsession;27;0;0
183;EVObsession;12;0;2
184;EVObsession;9;1;2
185;EVObsession;23;0;8
186;EVObsession;40;0;2
187;EVObsession;30;0;3
188;EVObsession;45;0;7
189;EVObsession;39;0;10
190;EVObsession;7;0;1
191;EVObsession;32;0;4
192;EVObsession;8;0;3
193;EVObsession;32;0;10
194;EVObsession;438;0;19
195;EVObsession;30;1;2
196;EVObsession;9;0;1
197;EVObsession;22;0;3
198;EVObsession;14;0;0
199;EVObsession;23;0;3
200;EVObsession;24;8;5
201;EVObsession;29;0;7
202;EVObsession;15;0;0
203;EVObsession;9;0;1
204;EVObsession;50;0;15
205;EVObsession;43;0;13
206;EVObsession;23;3;2
207;EVObsession;7;0;1
208;EVObsession;10;0;4
209;EVObsession;31;0;8
210;EVObsession;6;0;0
211;EVObsession;7;0;1
212;EVObsession;5;0;0
213;EVObsession;8;0;1
214;EVObsession;18;0;5
215;EVObsession;6;0;0
216;EVObsession;6;0;12
217;EVObsession;9;0;2
218;EVObsession;9;0;1
219;EVObsession;9;0;1
220;EVObsession;12;0;1
221;EVObsession;10;0;1
222;EVObsession;20;0;0
223;EVObsession;15;0;2
224;EVObsession;17;0;2
225;EVObsession;25;1;5
226;EVObsession;8;0;1
227;EVObsession;6;0;1
228;EVObsession;12;0;1
229;EVObsession;7;0;1
230;EVObsession;8;0;1
231;EVObsession;10;1;2
232;EVObsession;12;1;4
233;EVObsession;15;0;2
234;EVObsession;7;0;1
235;EVObsession;16;0;4
236;EVObsession;7;0;2
237;EVObsession;17;1;7
238;EVObsession;5;0;1
239;EVObsession;21;0;9
240;EVObsession;5;1;1
241;EVObsession;7;0;1
242;EVObsession;22;0;5
243;EVObsession;5;0;1
244;EVObsession;6;0;2
245;EVObsession;0;0;0
246;EVObsession;5;0;0
247;EVObsession;5;0;0
248;EVObsession;10;0;1
249;EVObsession;10;0;1
250;EVObsession;10;0;1
251;EVObsession;0;0;0
252;EVObsession;14;0;2
253;EVObsession;5;0;0
254;EVObsession;9;1;2
255;EVObsession;7;0;0
256;EVObsession;0;0;0
257;EVObsession;9;0;2
258;EVObsession;7;0;1
259;EVObsession;6;0;0
260;EVObsession;16;0;2
261;EVObsession;9;0;0
262;EVObsession;0;0;0
263;EVObsession;23;0;5
264;EVObsession;8;1;2
265;EVObsession;23;1;4
266;EVObsession;28;0;2
267;EVObsession;7;0;1
268;EVObsession;9;2;13
269;EVObsession;7;0;2
270;EVObsession;9;0;2
271;EVObsession;4;0;0
272;EVObsession;8;0;1
273;EVObsession;5;0;1
274;EVObsession;4;1;0
275;EVObsession;7;0;1
276;EVObsession;8;0;1
277;EVObsession;6;0;1
278;EVObsession;9;0;1
279;EVObsession;6;0;1
280;EVObsession;5;0;1
281;EVObsession;7;0;2
282;EVObsession;8;1;2
283;EVObsession;5;0;1
284;EVObsession;4;0;0
285;EVObsession;5;0;1
286;EVObsession;2;0;1
287;EVObsession;4;0;1
288;EVObsession;6;0;1
289;EVObsession;7;0;3
290;EVObsession;21;0;5
291;EVObsession;5;0;1
292;EVObsession;5;0;0
293;EVObsession;5;0;1
294;EVObsession;12;0;3
295;EVObsession;7;0;0
296;EVObsession;15;0;1
297;EVObsession;6;0;1
298;EVObsession;9;0;1
299;EVObsession;8;0;2
300;EVObsession;6;1;13
301;EVObsession;4;0;1
302;EVObsession;4;0;7
303;EVObsession;7;0;1
304;EVObsession;6;0;1
305;EVObsession;6;0;1
306;EVObsession;7;0;0
307;EVObsession;9;0;1
308;EVObsession;6;0;1
309;EVObsession;11;0;1
310;EVObsession;9;0;0
311;EVObsession;12;1;5
312;EVObsession;18;41;0
313;EVObsession;4;1;1
314;EVObsession;4;0;0
315;EVObsession;14;2;1
316;EVObsession;22;0;5
317;EVObsession;5;1;5
318;EVObsession;7;0;1
319;EVObsession;8;0;2
320;EVObsession;9;0;9
321;EVObsession;6;0;0
322;EVObsession;5;0;0
323;EVObsession;8;0;0
324;EVObsession;7;0;0
325;EVObsession;7;0;1
326;EVObsession;5;0;1
327;EVObsession;17;0;1
328;EVObsession;7;0;0
329;EVObsession;7;0;2
330;EVObsession;9;0;1
331;EVObsession;16;0;6
332;EVObsession;5;0;0
333;EVObsession;5;1;2
334;EVObsession;9;0;1
335;EVObsession;6;0;1
336;EVObsession;6;0;1
337;EVObsession;6;0;1
338;EVObsession;6;0;1
339;EVObsession;7;0;0
340;EVObsession;12;1;0
341;EVObsession;0;0;0
342;EVObsession;17;0;6
343;EVObsession;6;0;1
344;EVObsession;4;0;1
345;EVObsession;8;0;1
346;EVObsession;8;0;1
347;EVObsession;6;0;1
348;EVObsession;8;0;1
349;EVObsession;13;0;5
350;EVObsession;8;0;1
351;EVObsession;5;0;0
352;EVObsession;8;0;0
353;EVObsession;9;0;1
354;EVObsession;9;0;1
355;EVObsession;13;0;4
356;EVObsession;9;1;12
357;EVObsession;10;0;1
358;EVObsession;8;0;1
359;EVObsession;7;0;1
360;EVObsession;4;0;1
361;EVObsession;3;0;1
362;EVObsession;3;0;1
363;EVObsession;7;0;0
364;EVObsession;9;0;0
365;EVObsession;7;0;1
366;EVObsession;22;0;5
367;EVObsession;7;0;3
368;EVObsession;15;1;2
369;EVObsession;10;0;0
370;EVObsession;40;0;3
371;EVObsession;17;0;1
372;EVObsession;10;0;1
373;EVObsession;5;0;0
374;EVObsession;11;0;1
375;EVObsession;7;0;0
376;EVObsession;8;0;0
377;EVObsession;8;0;1
378;EVObsession;6;0;0
379;EVObsession;3;1;2
380;EVObsession;6;0;1
381;EVObsession;36;1;8
382;EVObsession;9;0;1
383;EVObsession;8;0;1
384;EVObsession;2;0;1
385;EVObsession;4;0;1
386;EVObsession;18;0;5
387;EVObsession;17;1;2
388;EVObsession;12;1;3
389;EVObsession;7;1;1
390;EVObsession;7;0;0
391;EVObsession;7;0;1
392;EVObsession;18;0;1
393;EVObsession;2;0;1
394;EVObsession;25;0;5
395;EVObsession;6;0;1
396;EVObsession;6;0;1
397;EVObsession;0;0;0
398;EVObsession;6;0;1
399;EVObsession;5;0;1
400;EVObsession;7;0;2
401;EVObsession;21;0;3
402;EVObsession;23;1;6
403;EVObsession;15;0;2
404;EVObsession;18;0;1
405;EVObsession;16;4;1
406;EVObsession;5;0;1
407;EVObsession;18;0;4
408;EVObsession;20;0;6
409;EVObsession;5;0;0
410;EVObsession;14;0;1
411;EVObsession;8;0;1
412;EVObsession;6;0;1
413;EVObsession;7;0;1
414;EVObsession;14;0;1
415;EVObsession;7;0;1
416;EVObsession;10;0;1
417;EVObsession;15;4;1
418;EVObsession;7;0;0
419;EVObsession;17;0;3
420;EVObsession;7;0;1
421;EVObsession;7;2;2
422;EVObsession;6;0;1
423;EVObsession;8;0;1
424;EVObsession;7;0;1
425;EVObsession;7;0;1
426;EVObsession;6;0;1
427;EVObsession;14;1;4
428;EVObsession;37;1;16
429;EVObsession;12;0;1
430;EVObsession;14;0;11
431;EVObsession;33;0;3
432;EVObsession;9;0;3
433;EVObsession;8;0;0
434;EVObsession;7;0;1
435;EVObsession;15;1;3
436;EVObsession;9;0;1
437;EVObsession;4;0;0
438;EVObsession;0;0;0
439;EVObsession;6;0;1
440;EVObsession;16;0;0
441;EVObsession;7;0;1
442;EVObsession;5;0;1
443;EVObsession;9;1;1
444;EVObsession;19;0;5
445;EVObsession;8;0;0
446;EVObsession;14;0;5
447;EVObsession;13;0;5
448;EVObsession;8;0;1
449;EVObsession;6;0;1
450;EVObsession;7;0;1
451;EVObsession;16;0;2
452;EVObsession;7;0;1
453;EVObsession;5;0;1
454;EVObsession;17;0;1
455;EVObsession;10;0;1
456;EVObsession;8;0;1
457;EVObsession;3;0;0
458;EVObsession;7;0;1
459;EVObsession;9;0;1
460;EVObsession;8;0;1
461;EVObsession;39;0;2
462;EVObsession;11;0;1
463;EVObsession;9;0;1
464;EVObsession;9;0;1
465;EVObsession;7;0;1
466;EVObsession;11;0;1
467;EVObsession;7;0;1
468;EVObsession;8;0;1
469;EVObsession;8;0;1
470;EVObsession;13;0;1
471;EVObsession;17;0;1
472;EVObsession;8;1;1
473;EVObsession;8;0;1
474;EVObsession;6;0;1
475;EVObsession;8;0;0
476;EVObsession;12;0;1
477;EVObsession;44;5;3
478;EVObsession;8;0;1
479;EVObsession;10;0;1
480;EVObsession;9;0;1
481;EVObsession;7;0;1
482;EVObsession;11;0;1
483;EVObsession;7;0;1
484;EVObsession;9;0;1
485;EVObsession;16;0;1
486;EVObsession;7;0;0
487;EVObsession;11;0;1
488;EVObsession;10;0;1
489;EVObsession;28;1;1
490;EVObsession;19;1;2
491;EVObsession;22;1;1
492;EVObsession;4;0;0
493;EVObsession;7;0;1
494;EVObsession;20;0;3
495;EVObsession;40;1;1
496;EVObsession;11;0;1
497;EVObsession;13;0;1
498;EVObsession;9;0;1
499;EVObsession;12;1;1
500;EVObsession;7;0;1
501;EVObsession;6;0;1
502;EVObsession;11;0;1
503;EVObsession;10;0;2
504;EVObsession;7;1;1
505;EVObsession;5;0;1
506;EVObsession;8;0;1
507;EVObsession;7;0;1
508;EVObsession;13;0;0
509;EVObsession;8;0;1
510;EVObsession;7;0;1
511;EVObsession;8;0;1
512;EVObsession;12;0;1
513;EVObsession;6;0;1
514;EVObsession;14;2;1
515;EVObsession;8;0;1
516;EVObsession;8;0;2
517;EVObsession;10;0;1
518;EVObsession;14;1;0
519;EVObsession;18;0;5
520;EVObsession;8;0;1
521;EVObsession;10;0;1
522;EVObsession;16;0;5
523;EVObsession;8;0;1
524;EVObsession;9;0;2
525;EVObsession;6;0;0
526;EVObsession;3;0;5
527;EVObsession;7;0;1
528;EVObsession;5;0;0
529;EVObsession;3;0;0
530;EVObsession;11;0;1
531;EVObsession;12;0;1
532;EVObsession;9;0;1
533;EVObsession;6;0;1
534;EVObsession;10;0;0
535;EVObsession;8;0;1
536;EVObsession;7;0;1
537;EVObsession;7;0;1
538;EVObsession;5;0;1
539;EVObsession;9;0;1
540;EVObsession;17;4;2
541;EVObsession;10;1;1
542;EVObsession;11;0;1
543;EVObsession;16;1;3
544;EVObsession;10;0;2
545;EVObsession;7;0;1
546;EVObsession;6;0;1
547;EVObsession;55;0;15
548;EVObsession;10;0;1
549;EVObsession;10;0;3
550;EVObsession;14;0;0
551;EVObsession;7;0;1
552;EVObsession;10;0;1
553;EVObsession;2;0;1
554;EVObsession;9;0;2
555;EVObsession;7;0;2
556;EVObsession;5;0;1
557;EVObsession;6;0;1
558;EVObsession;5;0;0
559;EVObsession;14;0;1
560;EVObsession;8;0;2
561;EVObsession;10;0;1
562;EVObsession;12;0;2
563;EVObsession;7;1;4
564;EVObsession;8;0;1
565;EVObsession;8;0;1
566;EVObsession;6;0;1
567;EVObsession;10;0;3
568;EVObsession;62;0;1
569;EVObsession;7;0;1
570;EVObsession;3;0;0
571;EVObsession;10;0;1
572;EVObsession;10;0;1
573;EVObsession;7;0;0
574;EVObsession;9;0;1
575;EVObsession;8;0;1
576;EVObsession;14;0;1
577;EVObsession;10;1;4
578;EVObsession;8;0;0
579;EVObsession;6;0;0
580;EVObsession;10;0;0
581;EVObsession;6;1;1
582;EVObsession;6;0;1
583;EVObsession;4;2;1
584;EVObsession;15;0;1
585;EVObsession;8;0;0
586;EVObsession;8;0;1
587;EVObsession;7;0;1
588;EVObsession;8;0;1
589;EVObsession;10;0;1
590;EVObsession;8;0;1
591;EVObsession;10;0;1
592;EVObsession;9;2;1
593;EVObsession;10;1;4
594;EVObsession;9;0;1
595;EVObsession;9;0;1
596;EVObsession;19;2;10
597;EVObsession;10;0;1
598;EVObsession;9;0;0
599;EVObsession;13;1;16
600;EVObsession;8;0;3
601;EVObsession;10;0;1
602;EVObsession;11;0;2
603;EVObsession;15;0;2
604;EVObsession;9;0;1
605;EVObsession;14;0;1
606;EVObsession;9;0;1
607;EVObsession;8;0;0
608;EVObsession;57;0;7
609;EVObsession;11;0;1
610;EVObsession;17;0;2
611;EVObsession;8;0;1
612;EVObsession;8;1;1
613;EVObsession;15;0;1
614;EVObsession;30;0;1
615;EVObsession;9;0;1
616;EVObsession;9;0;1
617;EVObsession;11;0;1
618;EVObsession;6;0;0
619;EVObsession;7;0;1
620;EVObsession;14;0;5
621;EVObsession;14;0;1
622;EVObsession;20;0;0
623;EVObsession;15;0;1
624;EVObsession;12;0;0
625;EVObsession;14;0;1
626;EVObsession;15;0;2
627;EVObsession;9;0;1
628;EVObsession;9;0;1
629;EVObsession;8;0;1
630;EVObsession;9;0;1
631;EVObsession;10;0;1
632;EVObsession;11;0;1
633;EVObsession;8;0;1
634;EVObsession;11;0;1
635;EVObsession;12;0;0
636;EVObsession;9;1;1
637;EVObsession;11;0;1
638;EVObsession;10;0;1
639;EVObsession;11;0;1
640;EVObsession;9;0;1
641;EVObsession;8;0;1
642;EVObsession;17;0;1
643;EVObsession;11;0;1
644;EVObsession;12;0;4
645;EVObsession;17;1;3
646;EVObsession;13;0;1
647;EVObsession;9;0;1
648;EVObsession;11;0;1
649;EVObsession;10;0;1
650;EVObsession;9;0;1
651;EVObsession;8;0;1
652;EVObsession;8;0;1
653;EVObsession;8;0;1
654;EVObsession;10;0;1
655;EVObsession;7;0;1
656;EVObsession;18;2;10
657;EVObsession;15;0;2
658;EVObsession;8;0;1
659;EVObsession;19;1;0
660;EVObsession;9;0;1
661;EVObsession;9;0;1
662;EVObsession;14;0;1
663;EVObsession;8;0;1
664;EVObsession;12;0;0
665;EVObsession;10;0;1
666;EVObsession;10;0;1
667;EVObsession;13;2;1
668;EVObsession;12;0;2
669;EVObsession;13;0;2
670;EVObsession;11;0;5
671;EVObsession;19;0;1
672;EVObsession;13;0;2
673;EVObsession;19;0;1
674;EVObsession;13;0;2
675;EVObsession;10;0;1
676;EVObsession;14;0;2
677;EVObsession;9;0;1
678;EVObsession;7;0;1
679;EVObsession;8;0;2
680;EVObsession;8;0;1
681;EVObsession;7;1;0
682;EVObsession;20;0;3
683;EVObsession;9;0;1
684;EVObsession;23;0;0
685;EVObsession;25;0;4
686;EVObsession;13;1;2
687;EVObsession;9;0;1
688;EVObsession;11;0;1
689;EVObsession;11;0;1
690;EVObsession;16;0;0
691;EVObsession;16;0;4
692;EVObsession;19;0;4
693;EVObsession;20;0;1
694;EVObsession;7;0;0
695;EVObsession;9;1;2
696;EVObsession;19;0;1
697;EVObsession;16;3;2
698;EVObsession;24;1;7
699;EVObsession;27;0;0
700;EVObsession;16;0;3
701;EVObsession;11;0;4
702;EVObsession;8;0;1
703;EVObsession;8;0;0
704;EVObsession;10;0;0
705;EVObsession;16;0;13
706;EVObsession;8;0;1
707;EVObsession;11;0;1
708;EVObsession;10;0;1
709;EVObsession;10;0;1
710;EVObsession;19;1;2
711;EVObsession;17;0;2
712;EVObsession;13;0;6
713;EVObsession;9;0;3
714;EVObsession;12;0;1
715;EVObsession;16;0;3
716;EVObsession;7;0;1
717;EVObsession;9;1;1
718;EVObsession;10;0;0
719;EVObsession;15;0;1
720;EVObsession;12;0;1
721;EVObsession;11;0;1
722;EVObsession;11;0;3
723;EVObsession;11;0;2
724;EVObsession;7;0;1
725;EVObsession;13;1;2
726;EVObsession;22;1;19
727;EVObsession;5;0;0
728;EVObsession;12;0;1
729;EVObsession;8;0;12
730;EVObsession;8;0;1
731;EVObsession;10;0;2
732;EVObsession;10;0;2
733;EVObsession;15;0;1
734;EVObsession;22;1;2
735;EVObsession;20;1;3
736;EVObsession;12;1;1
737;EVObsession;11;0;2
738;EVObsession;15;2;2
739;EVObsession;9;0;1
740;EVObsession;7;0;1
741;EVObsession;7;0;0
742;EVObsession;10;0;0
743;EVObsession;6;0;1
744;EVObsession;16;0;4
745;EVObsession;15;0;2
746;EVObsession;7;0;1
747;EVObsession;7;0;1
748;EVObsession;11;0;4
749;EVObsession;7;0;1
750;EVObsession;8;0;1
751;EVObsession;8;0;1
752;EVObsession;0;0;0
753;EVObsession;18;0;3
754;EVObsession;13;1;2
755;EVObsession;12;0;1
756;EVObsession;7;0;1
757;EVObsession;8;0;1
758;EVObsession;10;0;1
759;EVObsession;7;0;1
760;EVObsession;12;0;1
761;EVObsession;11;0;1
762;EVObsession;9;0;1
763;EVObsession;9;0;1
764;EVObsession;11;0;0
765;EVObsession;9;0;1
766;EVObsession;12;0;0
767;EVObsession;25;0;7
768;EVObsession;11;0;1
769;EVObsession;17;0;0
770;EVObsession;6;0;1
771;EVObsession;10;0;2
772;EVObsession;7;0;1
773;EVObsession;23;3;3
774;EVObsession;5;1;4
775;EVObsession;7;0;1
776;EVObsession;6;0;0
777;EVObsession;7;0;2
778;EVObsession;6;0;1
779;EVObsession;7;0;0
780;EVObsession;7;1;1
781;EVObsession;9;0;1
782;EVObsession;5;0;1
783;EVObsession;6;0;0
784;EVObsession;14;0;1
785;EVObsession;10;0;0
786;EVObsession;12;1;2
787;EVObsession;10;0;1
788;EVObsession;8;0;2
789;EVObsession;7;0;0
790;EVObsession;12;0;1
791;EVObsession;10;0;1
792;EVObsession;6;0;1
793;EVObsession;7;0;1
794;EVObsession;9;4;1
795;EVObsession;9;1;1
796;EVObsession;11;1;0
797;EVObsession;10;0;0
798;EVObsession;28;0;1
799;EVObsession;7;0;0
800;EVObsession;7;0;0
801;EVObsession;7;0;1
802;EVObsession;7;0;0
803;EVObsession;8;0;1
804;EVObsession;10;3;7
805;EVObsession;11;0;0
806;EVObsession;10;0;1
807;EVObsession;11;0;1
808;EVObsession;9;1;1
809;EVObsession;14;0;1
810;EVObsession;16;1;6
811;EVObsession;38;0;25
812;EVObsession;7;0;1
813;EVObsession;9;0;1
814;EVObsession;9;0;1
815;EVObsession;7;0;1
816;EVObsession;9;0;1
817;EVObsession;7;0;0
818;EVObsession;8;0;1
819;EVObsession;7;0;1
820;EVObsession;11;0;1
821;EVObsession;11;2;5
822;EVObsession;13;1;2
823;EVObsession;10;0;2
824;EVObsession;23;0;1
825;EVObsession;10;0;1
826;EVObsession;7;0;1
827;EVObsession;15;0;1
828;EVObsession;10;0;1
829;EVObsession;11;0;2
830;EVObsession;7;0;1
831;EVObsession;9;0;1
832;EVObsession;9;0;1
833;EVObsession;8;0;0
834;EVObsession;0;0;0
835;EVObsession;31;0;0
836;EVObsession;12;1;2
837;EVObsession;8;0;1
838;EVObsession;7;0;1
839;EVObsession;8;0;2
840;EVObsession;9;0;2
841;EVObsession;9;0;1
842;EVObsession;4;0;0
843;EVObsession;11;0;1
844;EVObsession;13;1;1
845;EVObsession;9;0;1
846;EVObsession;8;0;1
847;EVObsession;10;0;1
848;EVObsession;9;0;1
849;EVObsession;21;0;3
850;EVObsession;12;1;2
851;EVObsession;11;0;2
852;EVObsession;7;1;1
853;EVObsession;9;0;1
854;EVObsession;14;0;1
855;EVObsession;32;0;10
856;EVObsession;8;0;1
857;EVObsession;9;0;1
858;EVObsession;4;0;2
859;EVObsession;11;0;2
860;EVObsession;7;0;1
861;EVObsession;8;0;1
862;EVObsession;9;0;3
863;EVObsession;11;0;2
864;EVObsession;6;0;1
865;EVObsession;8;0;1
866;EVObsession;9;0;2
867;EVObsession;11;0;1
868;EVObsession;9;0;1
869;EVObsession;8;0;1
870;EVObsession;6;0;1
871;EVObsession;2;0;1
872;EVObsession;3;0;1
873;EVObsession;8;0;1
874;EVObsession;8;0;1
875;EVObsession;7;0;1
876;EVObsession;11;0;2
877;EVObsession;10;0;1
878;EVObsession;8;0;1
879;EVObsession;8;0;1
880;EVObsession;11;0;4
881;EVObsession;14;0;3
882;EVObsession;9;0;1
883;EVObsession;15;0;3
884;EVObsession;9;0;1
885;EVObsession;10;0;2
886;EVObsession;9;1;1
887;EVObsession;10;0;1
888;EVObsession;11;0;1
889;EVObsession;6;0;1
890;EVObsession;8;0;1
891;EVObsession;14;0;8
892;EVObsession;14;0;2
893;EVObsession;12;1;2
894;EVObsession;8;0;1
895;EVObsession;8;0;1
896;EVObsession;14;0;1
897;EVObsession;6;0;2
898;EVObsession;9;0;1
899;EVObsession;7;0;1
900;EVObsession;2;0;0
901;EVObsession;8;0;1
902;EVObsession;9;0;2
903;EVObsession;5;0;1
904;EVObsession;9;0;0
905;EVObsession;7;0;1
906;EVObsession;2;0;0
907;EVObsession;7;0;1
908;EVObsession;8;1;5
909;EVObsession;9;0;1
910;EVObsession;14;0;2
911;EVObsession;7;0;0
912;EVObsession;14;0;0
913;EVObsession;28;0;4
914;EVObsession;10;0;1
915;EVObsession;14;0;3
916;EVObsession;7;0;0
917;EVObsession;7;0;1
918;EVObsession;12;1;2
919;EVObsession;6;0;1
920;EVObsession;5;0;1
921;EVObsession;0;0;0
922;EVObsession;10;0;1
923;EVObsession;8;1;1
924;EVObsession;7;0;1
925;EVObsession;11;0;2
926;EVObsession;15;1;1
927;EVObsession;10;0;0
928;EVObsession;9;0;1
929;EVObsession;9;0;1
930;EVObsession;10;0;1
931;EVObsession;24;0;0
932;EVObsession;8;0;1
933;EVObsession;12;2;2
934;EVObsession;6;0;1
935;EVObsession;8;0;1
936;EVObsession;8;0;0
937;EVObsession;4;0;1
938;EVObsession;7;0;1
939;EVObsession;11;0;2
940;EVObsession;10;0;2
941;EVObsession;11;0;2
942;EVObsession;13;0;2
943;EVObsession;11;0;2
944;EVObsession;9;0;2
945;EVObsession;7;0;1
946;EVObsession;7;0;1
947;EVObsession;6;0;0
948;EVObsession;18;1;6
949;EVObsession;9;0;1
950;EVObsession;7;0;3
951;EVObsession;8;0;1
952;EVObsession;24;1;4
953;EVObsession;5;0;5
954;EVObsession;5;0;0
955;EVObsession;10;0;2
956;EVObsession;8;0;1
957;EVObsession;9;0;1
958;EVObsession;8;0;1
959;EVObsession;8;1;1
960;EVObsession;7;0;1
961;EVObsession;9;0;1
962;EVObsession;5;0;1
963;EVObsession;6;0;1
964;EVObsession;6;0;1
965;EVObsession;8;0;1
966;EVObsession;8;0;2
967;EVObsession;18;0;1
968;EVObsession;7;0;1
969;EVObsession;10;0;1
970;EVObsession;6;0;0
971;EVObsession;8;0;1
972;EVObsession;21;0;3
973;EVObsession;10;0;0
974;EVObsession;9;0;0
975;EVObsession;6;0;0
976;EVObsession;18;0;3
977;EVObsession;9;0;1
978;EVObsession;11;0;1
979;EVObsession;13;0;1
980;EVObsession;7;0;1
981;EVObsession;9;0;1
982;EVObsession;8;1;1
983;EVObsession;4;0;2
984;EVObsession;11;0;2
985;EVObsession;19;0;1
986;EVObsession;16;0;1
987;EVObsession;16;0;1
988;EVObsession;7;0;1
989;EVObsession;3;0;1
990;EVObsession;4;0;1
991;EVObsession;11;0;1
992;EVObsession;11;1;4
993;EVObsession;7;0;1
994;EVObsession;8;0;1
995;EVObsession;9;0;1
996;EVObsession;7;0;1
997;EVObsession;11;0;1
998;EVObsession;7;0;1
999;EVObsession;13;0;1
1000;EVObsession;9;0;0
1001;EVObsession;12;0;1
1002;EVObsession;5;0;0
1003;EVObsession;5;0;1
1004;EVObsession;11;0;1
1005;EVObsession;7;0;1
1006;EVObsession;8;0;1
1007;EVObsession;0;0;0
1008;EVObsession;7;0;2
1009;EVObsession;11;1;2
1010;EVObsession;16;0;0
1011;EVObsession;14;1;0
1012;EVObsession;15;0;1
1013;EVObsession;17;0;3
1014;EVObsession;6;0;1
1015;EVObsession;8;1;1
1016;EVObsession;7;0;1
1017;EVObsession;3;0;0
1018;EVObsession;12;1;1
1019;EVObsession;8;0;1
1020;EVObsession;8;0;1
1021;EVObsession;11;0;0
1022;EVObsession;11;0;1
1023;EVObsession;7;1;1
1024;EVObsession;11;0;2
1025;EVObsession;14;0;0
1026;EVObsession;8;0;1
1027;EVObsession;19;0;1
1028;EVObsession;21;0;3
1029;EVObsession;26;0;2
1030;EVObsession;10;1;1
1031;EVObsession;6;0;1
1032;EVObsession;3;0;1
1033;EVObsession;43;0;9
1034;EVObsession;7;0;0
1035;EVObsession;29;0;5
1036;EVObsession;8;0;5
1037;EVObsession;4;0;1
1038;EVObsession;2;0;1
1039;EVObsession;6;0;0
1040;EVObsession;12;0;1
1041;EVObsession;9;0;1
1042;EVObsession;6;0;1
1043;EVObsession;17;0;12
1044;EVObsession;8;0;1
1045;EVObsession;48;1;3
1046;EVObsession;10;0;2
1047;EVObsession;7;0;1
1048;EVObsession;4;0;0
1049;EVObsession;8;0;1
1050;EVObsession;8;1;2
1051;EVObsession;10;0;3
1052;EVObsession;7;0;1
1053;EVObsession;9;0;2
1054;EVObsession;3;0;0
1055;EVObsession;4;0;0
1056;EVObsession;12;0;1
1057;EVObsession;7;0;1
1058;EVObsession;6;0;1
1059;EVObsession;12;0;1
1060;EVObsession;19;0;0
1061;EVObsession;10;0;1
1062;EVObsession;6;0;1
1063;EVObsession;15;0;0
1064;EVObsession;33;0;6
1065;EVObsession;21;0;6
1066;EVObsession;2;0;0
1067;EVObsession;8;0;2
1068;EVObsession;8;0;0
1069;EVObsession;7;0;1
1070;EVObsession;7;0;1
1071;EVObsession;8;0;0
1072;EVObsession;8;0;1
1073;EVObsession;23;0;9
1074;EVObsession;8;0;1
1075;EVObsession;8;0;1
1076;EVObsession;9;0;1
1077;EVObsession;6;0;1
1078;EVObsession;7;0;1
1079;EVObsession;8;0;1
1080;EVObsession;7;0;1
1081;EVObsession;0;0;0
1082;EVObsession;10;0;1
1083;EVObsession;0;0;0
1084;EVObsession;7;0;2
1085;EVObsession;2;0;0
1086;EVObsession;11;0;0
1087;EVObsession;9;0;1
1088;EVObsession;14;3;6
1089;EVObsession;0;0;0
1090;EVObsession;7;0;1
1091;EVObsession;13;0;1
1092;EVObsession;11;0;4
1093;EVObsession;7;0;1
1094;EVObsession;12;2;5
1095;EVObsession;6;0;2
1096;EVObsession;8;0;3
1097;EVObsession;27;1;8
1098;EVObsession;14;0;0
1099;EVObsession;7;0;1
1100;EVObsession;8;0;1
1101;EVObsession;7;0;1
1102;EVObsession;16;0;0
1103;EVObsession;13;0;1
1104;EVObsession;16;2;2
1105;EVObsession;5;0;1
1106;EVObsession;20;1;3
1107;EVObsession;10;1;2
1108;EVObsession;9;0;1
1109;EVObsession;7;0;1
1110;EVObsession;5;0;1
1111;EVObsession;34;0;7
1112;EVObsession;15;0;4
1113;EVObsession;32;4;15
1114;EVObsession;10;0;1
1115;EVObsession;6;0;1
1116;EVObsession;10;0;1
1117;EVObsession;5;0;1
1118;EVObsession;8;0;1
1119;EVObsession;20;1;5
1120;EVObsession;15;0;4
1121;EVObsession;6;0;1
1122;EVObsession;8;0;1
1123;EVObsession;8;0;1
1124;EVObsession;7;0;1
1125;EVObsession;5;0;0
1126;EVObsession;6;0;0
1127;EVObsession;6;1;1
1128;EVObsession;8;0;2
1129;EVObsession;7;0;1
1130;EVObsession;7;0;1
1131;EVObsession;7;1;0
1132;EVObsession;8;0;1
1133;EVObsession;8;0;1
1134;EVObsession;8;0;1
1135;EVObsession;8;0;1
1136;EVObsession;8;0;0
1137;EVObsession;9;0;0
1138;EVObsession;10;0;1
1139;EVObsession;18;0;2
1140;EVObsession;4;1;0
1141;EVObsession;11;0;1
1142;EVObsession;16;0;3
1143;EVObsession;16;0;1
1144;EVObsession;17;0;1
1145;EVObsession;7;0;0
1146;EVObsession;9;0;1
1147;EVObsession;8;0;1
1148;EVObsession;7;0;1
1149;EVObsession;9;0;0
1150;EVObsession;8;0;1
1151;EVObsession;6;0;1
1152;EVObsession;5;0;1
1153;EVObsession;19;6;9
1154;EVObsession;14;1;3
1155;EVObsession;19;6;7
1156;EVObsession;17;1;5
1157;EVObsession;17;0;2
1158;EVObsession;9;0;2
1159;EVObsession;0;1;0
1160;EVObsession;20;0;5
1161;EVObsession;8;1;2
1162;EVObsession;7;0;1
1163;EVObsession;8;0;1
1164;EVObsession;11;0;1
1165;EVObsession;11;0;1
1166;EVObsession;8;0;0
1167;EVObsession;7;0;2
1168;EVObsession;12;0;1
1169;EVObsession;10;0;1
1170;EVObsession;11;0;1
1171;EVObsession;6;0;3
1172;EVObsession;12;0;2
1173;EVObsession;0;0;0
1174;EVObsession;6;0;1
1175;EVObsession;6;0;1
1176;EVObsession;8;0;1
1177;EVObsession;8;0;1
1178;EVObsession;14;0;0
1179;EVObsession;11;0;0
1180;EVObsession;4;0;0
1181;EVObsession;25;0;0
1182;EVObsession;12;0;0
1183;EVObsession;40;0;8
1184;EVObsession;5;0;2
1185;EVObsession;7;0;0
1186;EVObsession;7;0;1
1187;EVObsession;8;0;1
1188;EVObsession;3;0;0
1189;EVObsession;0;2;0
1190;EVObsession;10;0;2
1191;EVObsession;6;0;1
1192;EVObsession;7;0;1
1193;EVObsession;14;1;2
1194;EVObsession;10;0;3
1195;EVObsession;16;0;2
1196;EVObsession;13;0;3
1197;EVObsession;10;0;2
1198;EVObsession;9;0;1
1199;EVObsession;21;0;0
1200;EVObsession;11;0;3
1201;EVObsession;2;0;0
1202;EVObsession;9;0;1
1203;EVObsession;5;0;2
1204;EVObsession;7;0;1
1205;EVObsession;9;0;2
1206;EVObsession;12;0;1
1207;EVObsession;12;0;1
1208;EVObsession;7;1;1
1209;EVObsession;26;0;7
1210;EVObsession;7;0;1
1211;EVObsession;11;0;2
1212;EVObsession;8;0;1
1213;EVObsession;8;0;1
1214;EVObsession;17;0;13
1215;EVObsession;8;0;2
1216;EVObsession;6;0;1
1217;EVObsession;23;0;3
1218;EVObsession;8;0;1
1219;EVObsession;8;0;1
1220;EVObsession;8;0;1
1221;EVObsession;8;0;1
1222;EVObsession;1;1;0
1223;EVObsession;8;0;3
1224;EVObsession;11;0;0
1225;EVObsession;6;0;1
1226;EVObsession;8;0;1
1227;EVObsession;7;0;2
1228;EVObsession;31;0;6
1229;EVObsession;7;0;2
1230;EVObsession;18;0;2
1231;EVObsession;6;0;1
1232;EVObsession;9;0;1
1233;EVObsession;7;0;1
1234;EVObsession;8;0;1
1235;EVObsession;9;0;1
1236;EVObsession;7;0;1
1237;EVObsession;11;0;1
1238;EVObsession;8;0;1
1239;EVObsession;8;0;1
1240;EVObsession;1;1;1
1241;EVObsession;14;0;4
1242;EVObsession;22;7;3
1243;EVObsession;7;0;0
1244;EVObsession;7;0;1
1245;EVObsession;6;0;1
1246;EVObsession;6;0;1
1247;EVObsession;0;0;0
1248;EVObsession;10;0;1
1249;EVObsession;10;0;2
1250;EVObsession;8;0;1
1251;EVObsession;8;0;21
1252;EVObsession;7;0;1
1253;EVObsession;0;0;0
1254;EVObsession;9;0;1
1255;EVObsession;7;0;2
1256;EVObsession;0;0;0
1257;EVObsession;22;0;3
1258;EVObsession;42;0;36
1259;EVObsession;6;0;1
1260;EVObsession;7;0;1
1261;EVObsession;9;0;1
1262;EVObsession;10;0;0
1263;EVObsession;7;0;1
1264;EVObsession;7;0;1
1265;EVObsession;24;2;5
1266;EVObsession;7;0;2
1267;EVObsession;11;0;3
1268;EVObsession;12;1;2
1269;EVObsession;7;0;1
1270;EVObsession;7;0;1
1271;EVObsession;26;1;5
1272;EVObsession;26;0;4
1273;EVObsession;7;0;2
1274;EVObsession;12;0;1
1275;EVObsession;10;0;1
1276;EVObsession;9;0;40
1277;EVObsession;6;0;0
1278;EVObsession;8;0;0
1279;EVObsession;10;0;2
1280;EVObsession;0;1;1
1281;EVObsession;7;0;2
1282;EVObsession;11;0;1
1283;EVObsession;6;0;1
1284;EVObsession;7;0;1
1285;EVObsession;11;1;9
1286;EVObsession;8;0;1
1287;EVObsession;8;0;1
1288;EVObsession;6;0;1
1289;EVObsession;8;0;1
1290;EVObsession;5;1;1
1291;EVObsession;6;0;1
1292;EVObsession;7;0;1
1293;EVObsession;13;0;0
1294;EVObsession;10;0;1
1295;EVObsession;7;0;1
1296;EVObsession;12;0;1
1297;EVObsession;12;0;1
1298;EVObsession;6;0;1
1299;EVObsession;5;0;1
1300;EVObsession;10;0;2
1301;EVObsession;7;0;1
1302;EVObsession;8;0;1
1303;EVObsession;15;0;1
1304;EVObsession;6;0;1
1305;EVObsession;8;0;1
1306;EVObsession;12;0;0
1307;EVObsession;9;0;1
1308;EVObsession;7;0;1
1309;EVObsession;11;0;2
1310;EVObsession;45;0;1
1311;EVObsession;9;0;0
1312;EVObsession;7;0;1
1313;EVObsession;7;0;1
1314;EVObsession;0;1;0
1315;EVObsession;8;0;1
1316;EVObsession;9;0;1
1317;EVObsession;14;0;0
1318;EVObsession;11;0;1
1319;EVObsession;9;0;1
1320;EVObsession;7;0;1
1321;EVObsession;15;0;1
1322;EVObsession;9;0;2
1323;EVObsession;9;0;2
1324;EVObsession;9;0;1
1325;EVObsession;8;0;1
1326;EVObsession;11;0;2
1327;EVObsession;8;1;2
1328;EVObsession;8;0;1
1329;EVObsession;8;0;1
1330;EVObsession;6;0;1
1331;EVObsession;7;0;1
1332;EVObsession;22;1;3
1333;EVObsession;18;0;2
1334;EVObsession;6;0;1
1335;EVObsession;2;0;0
1336;EVObsession;21;0;0
1337;EVObsession;0;0;0
1338;EVObsession;7;0;1
1339;EVObsession;7;0;1
1340;EVObsession;0;0;0
1341;EVObsession;9;0;1
1342;EVObsession;8;0;1
1343;EVObsession;10;0;1
1344;EVObsession;0;1;0
1345;EVObsession;24;0;2
1346;EVObsession;7;0;2
1347;EVObsession;0;0;0
1348;EVObsession;8;0;3
1349;EVObsession;20;0;6
1350;EVObsession;7;0;1
1351;EVObsession;11;0;1
1352;EVObsession;8;0;1
1353;EVObsession;8;0;1
1354;EVObsession;11;0;2
1355;EVObsession;7;0;3
1356;EVObsession;13;0;0
1357;EVObsession;6;0;1
1358;EVObsession;8;0;2
1359;EVObsession;3;2;0
1360;EVObsession;6;0;1
1361;EVObsession;45;0;7
1362;EVObsession;14;0;1
1363;EVObsession;5;0;0
1364;EVObsession;9;0;1
1365;EVObsession;6;0;1
1366;EVObsession;9;0;2
1367;EVObsession;6;0;1
1368;EVObsession;7;0;13
1369;EVObsession;22;0;5
1370;EVObsession;8;0;0
1371;EVObsession;10;0;0
1372;EVObsession;6;0;1
1373;EVObsession;5;1;1
1374;EVObsession;0;1;0
1375;EVObsession;8;1;1
1376;EVObsession;7;0;1
1377;EVObsession;14;0;1
1378;EVObsession;11;0;1
1379;EVObsession;7;0;0
1380;EVObsession;12;0;1
1381;EVObsession;10;0;2
1382;EVObsession;11;0;5
1383;EVObsession;13;0;2
1384;EVObsession;16;0;5
1385;EVObsession;10;0;0
1386;EVObsession;3;0;0
1387;EVObsession;16;0;10
1388;EVObsession;16;0;1
1389;EVObsession;29;0;9
1390;EVObsession;6;0;1
1391;EVObsession;17;0;5
1392;EVObsession;7;0;0
1393;EVObsession;9;0;1
1394;EVObsession;6;0;1
1395;EVObsession;8;0;0
1396;EVObsession;11;0;2
1397;EVObsession;11;0;1
1398;EVObsession;7;0;3
1399;EVObsession;3;0;0
1400;EVObsession;7;0;1
1401;EVObsession;8;0;1
1402;EVObsession;7;0;1
1403;EVObsession;9;0;1
1404;EVObsession;10;0;1
1405;EVObsession;6;0;1
1406;EVObsession;5;0;1
1407;EVObsession;5;0;1
1408;EVObsession;8;0;0
1409;EVObsession;6;0;1
1410;EVObsession;20;0;3
1411;EVObsession;1;1;0
1412;EVObsession;7;0;1
1413;EVObsession;8;0;1
1414;EVObsession;10;0;1
1415;EVObsession;8;0;4
1416;EVObsession;10;0;0
1417;EVObsession;7;0;1
1418;EVObsession;11;0;1
1419;EVObsession;12;0;2
1420;EVObsession;13;0;2
1421;EVObsession;15;1;0
1422;EVObsession;9;0;1
1423;EVObsession;0;0;0
1424;EVObsession;10;0;1
1425;EVObsession;13;0;1
1426;EVObsession;15;0;1
1427;EVObsession;10;0;1
1428;EVObsession;9;0;2
1429;EVObsession;9;0;1
1430;EVObsession;7;0;1
1431;EVObsession;9;0;1
1432;EVObsession;9;0;1
1433;EVObsession;10;0;1
1434;EVObsession;12;0;1
1435;EVObsession;6;0;2
1436;EVObsession;7;0;1
1437;EVObsession;8;0;3
1438;EVObsession;4;0;2
1439;EVObsession;5;0;1
1440;EVObsession;14;0;1
1441;EVObsession;7;0;1
1442;EVObsession;7;0;0
1443;EVObsession;10;0;1
1444;EVObsession;0;1;0
1445;EVObsession;18;2;4
1446;EVObsession;10;0;4
1447;EVObsession;10;0;1
1448;EVObsession;9;0;1
1449;EVObsession;2;0;0
1450;EVObsession;14;0;1
1451;EVObsession;18;0;3
1452;EVObsession;13;2;3
1453;EVObsession;20;0;6
1454;EVObsession;12;0;8
1455;EVObsession;5;1;1
1456;EVObsession;8;0;1
1457;EVObsession;5;0;0
1458;EVObsession;19;0;0
1459;EVObsession;5;0;1
1460;EVObsession;11;0;0
1461;EVObsession;21;0;23
1462;EVObsession;9;0;3
1463;EVObsession;10;2;1
1464;EVObsession;7;0;1
1465;EVObsession;9;0;1
1466;EVObsession;7;0;1
1467;EVObsession;7;0;1
1468;EVObsession;7;0;1
1469;EVObsession;7;0;2
1470;EVObsession;10;0;1
1471;EVObsession;9;0;1
1472;EVObsession;5;0;1
1473;EVObsession;3;0;0
1474;EVObsession;9;0;1
1475;EVObsession;5;0;1
1476;EVObsession;7;0;1
1477;EVObsession;17;0;1
1478;EVObsession;7;0;1
1479;EVObsession;6;0;1
1480;EVObsession;11;3;4
1481;EVObsession;12;0;1
1482;EVObsession;9;0;1
1483;EVObsession;12;3;6
1484;EVObsession;12;3;3
1485;EVObsession;13;3;11
1486;EVObsession;9;0;2
1487;EVObsession;7;0;1
1488;EVObsession;6;1;0
1489;EVObsession;6;0;1
1490;EVObsession;8;0;1
1491;EVObsession;7;0;1
1492;EVObsession;8;0;1
1493;EVObsession;8;0;1
1494;EVObsession;10;0;1
1495;EVObsession;8;0;1
1496;EVObsession;7;0;1
1497;EVObsession;6;0;1
1498;EVObsession;9;0;0
1499;EVObsession;8;0;0
1500;EVObsession;8;0;1
1501;EVObsession;7;0;2
1502;EVObsession;5;0;5
1503;EVObsession;6;1;1
1504;EVObsession;7;0;1
1505;EVObsession;11;0;1
1506;EVObsession;5;0;1
1507;EVObsession;0;0;0
1508;EVObsession;3;0;0
1509;EVObsession;2;0;0
1510;EVObsession;7;0;1
1511;EVObsession;7;0;1
1512;EVObsession;10;0;1
1513;EVObsession;9;0;1
1514;EVObsession;11;0;1
1515;EVObsession;10;0;1
1516;EVObsession;7;0;0
1517;EVObsession;14;0;0
1518;EVObsession;8;2;1
1519;EVObsession;18;0;1
1520;EVObsession;8;0;1
1521;EVObsession;11;0;0
1522;EVObsession;10;1;1
1523;EVObsession;11;0;1
1524;EVObsession;7;0;1
1525;EVObsession;9;1;1
1526;EVObsession;11;1;1
1527;EVObsession;2;0;1
1528;EVObsession;9;0;2
1529;EVObsession;11;0;1
1530;EVObsession;19;0;1
1531;EVObsession;6;0;1
1532;EVObsession;3;0;1
1533;EVObsession;8;0;1
1534;EVObsession;5;0;1
1535;EVObsession;10;0;1
1536;EVObsession;10;0;1
1537;EVObsession;22;0;0
1538;EVObsession;6;0;3
1539;EVObsession;17;0;2
1540;EVObsession;5;0;1
1541;EVObsession;19;0;1
1542;EVObsession;5;0;1
1543;EVObsession;10;0;2
1544;EVObsession;7;0;2
1545;EVObsession;8;1;6
1546;EVObsession;9;0;2
1547;EVObsession;8;0;1
1548;EVObsession;10;0;1
1549;EVObsession;9;0;1
1550;EVObsession;9;0;0
1551;EVObsession;29;0;1
1552;EVObsession;18;0;3
1553;EVObsession;7;0;1
1554;EVObsession;7;0;1
1555;EVObsession;14;0;1
1556;EVObsession;15;1;1
1557;EVObsession;0;1;0
1558;EVObsession;8;0;3
1559;EVObsession;8;2;1
1560;EVObsession;8;1;1
1561;EVObsession;10;0;1
1562;EVObsession;7;0;0
1563;EVObsession;10;0;5
1564;EVObsession;7;0;1
1565;EVObsession;6;2;1
1566;EVObsession;19;0;7
1567;EVObsession;9;0;1
1568;EVObsession;10;0;0
1569;EVObsession;4;0;0
1570;EVObsession;28;0;3
1571;EVObsession;7;0;3
1572;EVObsession;10;3;3
1573;EVObsession;11;0;1
1574;EVObsession;8;0;1
1575;EVObsession;4;0;0
1576;EVObsession;9;0;1
1577;EVObsession;45;0;0
1578;EVObsession;14;0;0
1579;EVObsession;9;1;2
1580;EVObsession;3;0;0
1581;EVObsession;9;1;1
1582;EVObsession;7;0;1
1583;EVObsession;14;0;2
1584;EVObsession;16;0;0
1585;EVObsession;6;0;0
1586;EVObsession;6;1;4
1587;EVObsession;7;0;0
1588;EVObsession;1;1;0
1589;EVObsession;3;0;2
1590;EVObsession;4;0;1
1591;EVObsession;7;0;1
1592;EVObsession;15;0;0
1593;EVObsession;4;0;1
1594;EVObsession;7;0;1
1595;EVObsession;6;1;1
1596;EVObsession;110;1;3
1597;EVObsession;5;1;0
1598;EVObsession;3;0;1
1599;EVObsession;5;0;1
1600;EVObsession;13;0;1
1601;EVObsession;11;0;1
1602;EVObsession;7;0;1
1603;EVObsession;6;1;0
1604;EVObsession;7;0;0
1605;EVObsession;9;0;2
1606;EVObsession;4;0;1
1607;EVObsession;0;1;0
1608;EVObsession;9;0;1
1609;EVObsession;13;0;0
1610;EVObsession;5;0;0
1611;EVObsession;23;0;10
1612;EVObsession;6;0;1
1613;EVObsession;6;1;1
1614;EVObsession;16;1;2
1615;EVObsession;17;0;0
1616;EVObsession;11;0;0
1617;EVObsession;7;0;0
1618;EVObsession;68;0;0
1619;EVObsession;14;0;4
1620;EVObsession;8;0;1
1621;EVObsession;18;0;2
1622;EVObsession;12;0;3
1623;EVObsession;8;1;3
1624;EVObsession;12;0;3
1625;EVObsession;8;0;3
1626;EVObsession;21;0;1
1627;EVObsession;18;1;4
1628;EVObsession;6;0;0
1629;EVObsession;16;0;1
1630;EVObsession;36;0;6
1631;EVObsession;22;0;0
1632;EVObsession;15;0;1
1633;EVObsession;7;0;0
1634;EVObsession;13;0;1
1635;EVObsession;9;0;1
1636;EVObsession;12;0;1
1637;EVObsession;8;0;0
1638;EVObsession;0;0;0
1639;EVObsession;8;1;1
1640;EVObsession;15;0;2
1641;EVObsession;10;0;1
1642;EVObsession;8;0;1
1643;EVObsession;5;0;1
1644;EVObsession;9;0;3
1645;EVObsession;11;0;2
1646;EVObsession;15;0;2
1647;EVObsession;0;1;0
1648;EVObsession;5;0;0
1649;EVObsession;6;0;2
1650;EVObsession;6;0;1
1651;EVObsession;17;0;0
1652;EVObsession;8;0;1
1653;EVObsession;9;0;2
1654;EVObsession;9;0;2
1655;EVObsession;7;0;2
1656;EVObsession;7;0;1
1657;EVObsession;3;0;0
1658;EVObsession;9;0;1
1659;EVObsession;19;0;3
1660;EVObsession;4;0;1
1661;EVObsession;7;0;0
1662;EVObsession;12;0;1
1663;EVObsession;9;0;1
1664;EVObsession;12;0;4
1665;EVObsession;9;0;1
1666;EVObsession;6;0;1
1667;EVObsession;10;0;4
1668;EVObsession;6;0;1
1669;EVObsession;10;0;1
1670;EVObsession;9;0;2
1671;EVObsession;7;0;3
1672;EVObsession;10;0;4
1673;EVObsession;7;0;0
1674;EVObsession;7;0;1
1675;EVObsession;40;0;21
1676;EVObsession;5;0;1
1677;EVObsession;6;0;0
1678;EVObsession;12;0;3
1679;EVObsession;19;0;10
1680;EVObsession;7;0;1
1681;EVObsession;4;0;1
1682;EVObsession;4;0;6
1683;EVObsession;7;0;5
1684;EVObsession;0;0;0
1685;EVObsession;20;0;1
1686;EVObsession;9;1;1
1687;EVObsession;1;0;0
1688;EVObsession;0;1;0
1689;EVObsession;12;0;5
1690;EVObsession;7;0;0
1691;EVObsession;20;0;1
1692;EVObsession;5;0;1
1693;EVObsession;8;0;1
1694;EVObsession;7;0;1
1695;EVObsession;9;0;1
1696;EVObsession;28;0;6
1697;EVObsession;8;1;1
1698;EVObsession;10;1;1
1699;EVObsession;16;0;3
1700;EVObsession;48;1;8
1701;EVObsession;11;0;1
1702;EVObsession;13;0;1
1703;EVObsession;7;0;1
1704;EVObsession;7;0;1
1705;EVObsession;9;0;1
1706;EVObsession;33;4;8
1707;EVObsession;8;0;1
1708;EVObsession;12;0;1
1709;EVObsession;6;0;1
1710;EVObsession;59;1;0
1711;EVObsession;9;0;1
1712;EVObsession;10;0;1
1713;EVObsession;7;0;1
1714;EVObsession;9;0;1
1715;EVObsession;43;1;9
1716;EVObsession;16;0;0
1717;EVObsession;10;0;1
1718;EVObsession;9;0;1
1719;EVObsession;0;1;0
1720;EVObsession;19;6;1
1721;EVObsession;2;0;0
1722;EVObsession;14;0;1
1723;EVObsession;15;0;1
1724;EVObsession;14;0;5
1725;EVObsession;13;0;1
1726;EVObsession;13;3;1
1727;EVObsession;5;1;1
1728;EVObsession;8;0;1
1729;EVObsession;16;0;3
1730;EVObsession;11;0;1
1731;EVObsession;16;0;5
1732;EVObsession;6;0;2
1733;EVObsession;35;0;0
1734;EVObsession;7;0;1
1735;EVObsession;12;0;4
1736;EVObsession;33;0;10
1737;EVObsession;16;0;2
1738;EVObsession;6;1;3
1739;EVObsession;9;0;2
1740;EVObsession;9;0;3
1741;EVObsession;13;0;1
1742;EVObsession;33;0;10
1743;EVObsession;5;0;1
1744;EVObsession;13;0;0
1745;EVObsession;5;0;1
1746;EVObsession;7;0;1
1747;EVObsession;8;0;1
1748;EVObsession;5;0;1
1749;EVObsession;23;1;16
1750;EVObsession;4;0;1
1751;EVObsession;0;0;0
1752;EVObsession;5;0;0
1753;EVObsession;5;0;2
1754;EVObsession;5;0;0
1755;EVObsession;7;0;1
1756;EVObsession;8;0;0
1757;EVObsession;9;0;1
1758;EVObsession;7;0;1
1759;EVObsession;0;0;0
1760;EVObsession;18;0;7
1761;EVObsession;11;0;1
1762;EVObsession;16;1;4
1763;EVObsession;11;0;0
1764;EVObsession;9;0;4
1765;EVObsession;19;0;0
1766;EVObsession;5;0;0
1767;EVObsession;18;0;10
1768;EVObsession;5;0;2
1769;EVObsession;9;0;3
1770;EVObsession;8;0;1
1771;EVObsession;9;0;2
1772;EVObsession;11;0;0
1773;EVObsession;9;0;2
1774;EVObsession;10;0;0
1775;EVObsession;9;0;1
1776;EVObsession;14;0;1
1777;EVObsession;16;0;1
1778;EVObsession;9;0;2
1779;EVObsession;19;0;1
1780;EVObsession;6;0;1
1781;EVObsession;5;0;2
1782;EVObsession;26;0;13
1783;EVObsession;6;0;6
1784;EVObsession;12;0;4
1785;EVObsession;11;0;0
1786;EVObsession;13;0;3
1787;EVObsession;8;0;0
1788;EVObsession;9;0;1
1789;EVObsession;5;0;1
1790;EVObsession;10;0;4
1791;EVObsession;15;0;3
1792;EVObsession;8;0;2
1793;EVObsession;8;0;2
1794;EVObsession;14;0;0
1795;EVObsession;9;0;1
1796;EVObsession;13;0;2
1797;EVObsession;15;0;0
1798;EVObsession;9;1;6
1799;EVObsession;14;0;8
1800;EVObsession;20;0;3
1801;EVObsession;10;0;1
1802;EVObsession;3;0;0
1803;EVObsession;22;0;6
1804;EVObsession;9;0;1
1805;EVObsession;7;0;1
1806;EVObsession;7;0;2
1807;EVObsession;6;0;2
1808;EVObsession;22;0;2
1809;EVObsession;4;0;1
1810;EVObsession;6;0;2
1811;EVObsession;11;0;1
1812;EVObsession;8;0;1
1813;EVObsession;5;0;1
1814;EVObsession;7;1;1
1815;EVObsession;9;0;1
1816;EVObsession;18;0;0
1817;EVObsession;12;0;0
1818;EVObsession;8;0;1
1819;EVObsession;8;0;1
1820;EVObsession;4;0;1
1821;EVObsession;10;0;1
1822;EVObsession;16;0;12
1823;EVObsession;8;0;1
1824;EVObsession;10;0;1
1825;EVObsession;29;0;6
1826;EVObsession;6;0;1
1827;EVObsession;9;0;2
1828;EVObsession;8;0;1
1829;EVObsession;9;7;5
1830;EVObsession;12;1;3
1831;EVObsession;5;0;0
1832;EVObsession;7;0;0
1833;EVObsession;5;0;3
1834;EVObsession;12;0;2
1835;EVObsession;33;10;7
1836;EVObsession;8;1;3
1837;EVObsession;14;0;1
1838;EVObsession;8;0;4
1839;EVObsession;8;0;3
1840;EVObsession;2;0;1
1841;EVObsession;5;0;1
1842;EVObsession;17;0;1
1843;EVObsession;15;0;2
1844;EVObsession;10;0;1
1845;EVObsession;6;0;0
1846;EVObsession;13;0;1
1847;EVObsession;10;0;3
1848;EVObsession;10;0;1
1849;EVObsession;10;0;3
1850;EVObsession;0;0;0
1851;EVObsession;6;0;0
1852;EVObsession;4;0;0
1853;EVObsession;8;0;1
1854;EVObsession;0;0;0
1855;EVObsession;4;0;10
1856;EVObsession;25;0;11
1857;EVObsession;7;0;0
1858;EVObsession;16;0;1
1859;EVObsession;8;0;1
1860;EVObsession;7;0;1
1861;EVObsession;27;0;12
1862;EVObsession;11;0;3
1863;EVObsession;11;0;18
1864;EVObsession;7;0;1
1865;EVObsession;8;0;1
1866;EVObsession;9;0;2
1867;EVObsession;20;0;12
1868;EVObsession;25;0;3
1869;EVObsession;6;0;0
1870;EVObsession;10;0;4
1871;EVObsession;3;0;1
1872;EVObsession;6;0;2
1873;EVObsession;9;0;1
1874;EVObsession;15;0;8
1875;EVObsession;11;0;1
1876;EVObsession;9;0;1
1877;EVObsession;6;0;1
1878;EVObsession;8;0;0
1879;EVObsession;22;0;1
1880;EVObsession;7;0;0
1881;EVObsession;5;0;0
1882;EVObsession;4;0;0
1883;EVObsession;16;0;3
1884;EVObsession;7;0;1
1885;EVObsession;14;1;2
1886;EVObsession;12;0;1
1887;EVObsession;9;0;0
1888;EVObsession;8;0;1
1889;EVObsession;11;0;2
1890;EVObsession;12;0;0
1891;EVObsession;13;0;8
1892;EVObsession;11;0;5
1893;EVObsession;16;0;3
1894;EVObsession;12;0;6
1895;EVObsession;8;0;1
1896;EVObsession;12;0;2
1897;EVObsession;25;0;3
1898;EVObsession;28;0;2
1899;EVObsession;11;1;1
1900;EVObsession;11;1;1
1901;EVObsession;20;0;1
1902;EVObsession;14;2;1
1903;EVObsession;53;0;16
1904;EVObsession;5;0;2
1905;EVObsession;9;0;1
1906;EVObsession;12;2;2
1907;EVObsession;7;0;1
1908;EVObsession;8;0;1
1909;EVObsession;11;0;3
1910;EVObsession;7;0;1
1911;EVObsession;13;0;2
1912;EVObsession;10;0;2
1913;EVObsession;12;0;1
1914;EVObsession;14;0;2
1915;EVObsession;9;0;1
1916;EVObsession;6;0;2
1917;EVObsession;6;0;2
1918;EVObsession;7;0;2
1919;EVObsession;7;0;2
1920;EVObsession;15;1;6
1921;EVObsession;5;0;1
1922;EVObsession;7;1;1
1923;EVObsession;9;0;1
1924;EVObsession;7;1;2
1925;EVObsession;7;0;1
1926;EVObsession;9;0;0
1927;EVObsession;19;1;1
1928;EVObsession;9;0;1
1929;EVObsession;12;0;1
1930;EVObsession;10;0;1
1931;EVObsession;0;0;0
1932;EVObsession;6;0;1
1933;EVObsession;9;0;1
1934;EVObsession;2;0;0
1935;EVObsession;6;0;0
1936;EVObsession;10;0;1
1937;EVObsession;2;0;0
1938;EVObsession;7;1;1
1939;EVObsession;14;0;2
1940;EVObsession;6;0;1
1941;EVObsession;12;0;18
1942;EVObsession;12;0;4
1943;EVObsession;8;0;1
1944;EVObsession;14;6;1
1945;EVObsession;30;1;8
1946;EVObsession;7;0;2
1947;EVObsession;12;0;7
1948;EVObsession;8;0;2
1949;EVObsession;18;2;3
1950;EVObsession;11;0;1
1951;EVObsession;11;0;1
1952;EVObsession;8;0;2
1953;EVObsession;7;0;1
1954;EVObsession;13;0;1
1955;EVObsession;6;0;0
1956;EVObsession;9;0;3
1957;EVObsession;10;0;1
1958;EVObsession;26;0;14
1959;EVObsession;32;1;3
1960;EVObsession;22;0;7
1961;EVObsession;8;0;1
1962;EVObsession;7;1;1
1963;EVObsession;8;0;1
1964;EVObsession;8;1;12
1965;EVObsession;17;1;1
1966;EVObsession;10;0;1
1967;EVObsession;3;0;1
1968;EVObsession;4;0;1
1969;EVObsession;13;0;21
1970;EVObsession;4;0;1
1971;EVObsession;3;0;1
1972;EVObsession;8;0;1
1973;EVObsession;9;0;1
1974;EVObsession;4;0;1
1975;EVObsession;4;0;1
1976;EVObsession;4;0;1
1977;EVObsession;3;0;1
1978;EVObsession;4;0;1
1979;EVObsession;13;0;0
1980;EVObsession;11;0;1
1981;EVObsession;4;0;1
1982;EVObsession;8;0;1
1983;EVObsession;4;0;0
1984;EVObsession;7;0;1
1985;EVObsession;9;0;1
1986;EVObsession;6;0;0
1987;EVObsession;4;0;1
1988;EVObsession;4;0;0
1989;EVObsession;14;0;1
1990;EVObsession;7;0;3
1991;EVObsession;3;0;1
1992;EVObsession;4;1;6
1993;EVObsession;4;0;1
1994;EVObsession;4;0;1
1995;EVObsession;5;0;1
1996;EVObsession;8;0;0
1997;EVObsession;8;0;2
1998;EVObsession;9;0;1
1999;EVObsession;8;0;1
2000;EVObsession;11;0;1
2001;EVObsession;9;0;1
2002;EVObsession;6;0;1
2003;EVObsession;4;0;1
2004;EVObsession;3;0;0
2005;EVObsession;5;0;0
2006;EVObsession;4;0;0
2007;EVObsession;3;0;1
2008;EVObsession;6;0;2
2009;EVObsession;12;0;1
2010;EVObsession;6;0;1
2011;EVObsession;5;0;1
2012;EVObsession;5;0;1
2013;EVObsession;11;0;1
2014;EVObsession;7;0;1
2015;EVObsession;9;0;1
2016;EVObsession;5;0;1
2017;EVObsession;12;0;1
2018;EVObsession;5;0;1
2019;EVObsession;25;1;3
2020;EVObsession;8;0;3
2021;EVObsession;8;0;1
2022;EVObsession;7;0;1
2023;EVObsession;39;0;14
2024;EVObsession;34;1;12
2025;EVObsession;4;0;2
2026;EVObsession;4;0;1
2027;EVObsession;4;0;1
2028;EVObsession;7;0;0
2029;EVObsession;5;0;0
2030;EVObsession;5;0;1
2031;EVObsession;14;0;3
2032;EVObsession;9;0;1
2033;EVObsession;4;0;1
2034;EVObsession;4;0;0
2035;EVObsession;5;0;1
2036;EVObsession;5;1;4
2037;EVObsession;5;0;1
2038;EVObsession;7;0;1
2039;EVObsession;9;0;1
2040;EVObsession;11;0;1
2041;EVObsession;4;0;1
2042;EVObsession;7;0;1
2043;EVObsession;8;0;1
2044;EVObsession;8;0;1
2045;EVObsession;9;0;0
2046;EVObsession;17;0;1
2047;EVObsession;8;0;1
2048;EVObsession;8;0;1
2049;EVObsession;6;0;1
2050;EVObsession;5;0;0
2051;EVObsession;5;0;2
2052;EVObsession;4;0;0
2053;EVObsession;4;0;1
2054;EVObsession;5;0;0
2055;EVObsession;7;0;1
2056;EVObsession;12;1;1
2057;EVObsession;4;0;1
2058;EVObsession;6;0;1
2059;EVObsession;6;0;0
2060;EVObsession;12;0;1
2061;EVObsession;4;0;1
2062;EVObsession;8;0;0
2063;EVObsession;11;0;1
2064;EVObsession;7;0;0
2065;EVObsession;7;0;1
2066;EVObsession;4;0;0
2067;EVObsession;5;0;1
2068;EVObsession;7;0;1
2069;EVObsession;10;0;1
2070;EVObsession;7;0;1
2071;EVObsession;11;0;1
2072;EVObsession;14;0;1
2073;EVObsession;5;0;1
2074;EVObsession;5;0;1
2075;EVObsession;16;0;4
2076;EVObsession;6;0;0
2077;EVObsession;5;0;1
2078;EVObsession;0;0;0
2079;EVObsession;10;0;2
2080;EVObsession;7;0;1
2081;EVObsession;9;0;3
2082;EVObsession;4;0;1
2083;EVObsession;4;0;1
2084;EVObsession;4;0;1
2085;EVObsession;6;0;1
2086;EVObsession;11;0;0
2087;EVObsession;5;0;1
2088;EVObsession;9;0;1
2089;EVObsession;6;0;1
2090;EVObsession;12;0;1
2091;EVObsession;0;0;0
2092;EVObsession;9;0;1
2093;EVObsession;8;0;1
2094;EVObsession;4;0;1
2095;EVObsession;0;0;0
2096;EVObsession;4;0;1
2097;EVObsession;4;0;0
2098;EVObsession;8;0;1
2099;EVObsession;5;0;1
2100;EVObsession;25;0;3
2101;EVObsession;5;0;2
2102;EVObsession;7;0;2
2103;EVObsession;5;0;0
2104;EVObsession;6;0;1
2105;EVObsession;4;1;7
2106;EVObsession;4;0;1
2107;EVObsession;8;0;0
2108;EVObsession;7;0;0
2109;EVObsession;6;0;1
2110;EVObsession;6;0;1
2111;EVObsession;9;0;0
2112;EVObsession;5;0;1
2113;EVObsession;4;0;1
2114;EVObsession;6;0;1
2115;EVObsession;5;0;1
2116;EVObsession;5;0;0
2117;EVObsession;10;0;2
2118;EVObsession;7;0;1
2119;EVObsession;5;0;2
2120;EVObsession;4;0;1
2121;EVObsession;13;0;0
2122;EVObsession;7;0;1
2123;EVObsession;4;0;1
2124;EVObsession;10;0;1
2125;EVObsession;5;0;0
2126;EVObsession;7;1;0
2127;EVObsession;8;1;1
2128;EVObsession;12;0;0
2129;EVObsession;5;0;1
2130;EVObsession;4;0;0
2131;EVObsession;5;0;1
2132;EVObsession;13;0;0
2133;EVObsession;4;0;1
2134;EVObsession;4;1;9
2135;EVObsession;12;0;0
2136;EVObsession;5;0;0
2137;EVObsession;5;0;1
2138;EVObsession;12;1;4
2139;EVObsession;7;0;2
2140;EVObsession;15;0;3
2141;EVObsession;10;0;0
2142;EVObsession;12;0;2
2143;EVObsession;14;0;3
2144;EVObsession;11;1;1
2145;EVObsession;12;1;7
2146;EVObsession;5;1;14
2147;EVObsession;10;1;1
2148;EVObsession;8;0;4
2149;EVObsession;11;1;8
2150;EVObsession;8;1;23
2151;EVObsession;9;0;4
2152;EVObsession;7;0;1
2153;EVObsession;8;0;2
2154;EVObsession;12;0;0
2155;EVObsession;3;0;1
2156;EVObsession;8;0;0
2157;EVObsession;12;0;1
2158;EVObsession;9;0;1
2159;EVObsession;6;1;0
2160;EVObsession;7;0;1
2161;EVObsession;0;0;0
2162;EVObsession;6;0;1
2163;EVObsession;10;0;1
2164;EVObsession;5;0;0
2165;EVObsession;5;0;0
2166;EVObsession;4;0;0
2167;EVObsession;11;0;0
2168;EVObsession;11;0;0
2169;EVObsession;5;0;1
2170;EVObsession;24;0;1
2171;EVObsession;9;0;1
2172;EVObsession;5;0;1
2173;EVObsession;6;0;1
2174;EVObsession;13;0;1
2175;EVObsession;0;0;0
2176;EVObsession;9;0;1
2177;EVObsession;23;0;2
2178;EVObsession;14;0;2
2179;EVObsession;5;0;1
2180;EVObsession;5;0;2
2181;EVObsession;7;0;1
2182;EVObsession;8;1;2
2183;EVObsession;3;2;2
2184;EVObsession;4;0;1
2185;EVObsession;4;1;2
2186;EVObsession;14;0;1
2187;EVObsession;14;0;1
2188;EVObsession;13;1;14
2189;EVObsession;13;0;2
2190;EVObsession;10;1;6
2191;EVObsession;4;0;0
2192;EVObsession;11;0;2
2193;EVObsession;4;0;1
2194;EVObsession;5;0;1
2195;EVObsession;28;0;2
2196;EVObsession;10;0;1
2197;EVObsession;9;0;1
2198;EVObsession;14;0;1
2199;EVObsession;5;0;1
2200;EVObsession;15;1;2
2201;EVObsession;4;0;0
2202;EVObsession;8;0;1
2203;EVObsession;4;0;1
2204;EVObsession;6;0;1
2205;EVObsession;8;0;1
2206;EVObsession;5;0;1
2207;EVObsession;9;0;0
2208;EVObsession;6;0;1
2209;EVObsession;5;0;1
2210;EVObsession;5;0;1
2211;EVObsession;5;0;3
2212;EVObsession;5;0;1
2213;EVObsession;5;0;1
2214;EVObsession;4;0;1
2215;EVObsession;17;2;7
2216;EVObsession;4;0;0
2217;EVObsession;15;0;1
2218;EVObsession;7;0;1
2219;EVObsession;5;0;0
2220;EVObsession;22;0;2
2221;EVObsession;15;0;1
2222;EVObsession;14;0;1
2223;EVObsession;33;0;13
2224;EVObsession;6;0;2
2225;EVObsession;7;0;1
2226;EVObsession;10;0;1
2227;EVObsession;31;0;0
2228;EVObsession;23;0;2
2229;EVObsession;4;0;1
2230;EVObsession;4;0;0
2231;EVObsession;4;0;0
2232;EVObsession;4;0;1
2233;EVObsession;5;0;1
2234;EVObsession;5;0;0
2235;EVObsession;10;0;1
2236;EVObsession;8;0;0
2237;EVObsession;12;0;6
2238;EVObsession;16;0;2
2239;EVObsession;63;0;2
2240;EVObsession;20;0;1
2241;EVObsession;16;0;0
2242;EVObsession;11;0;2
2243;EVObsession;7;0;0
2244;EVObsession;13;0;5
2245;EVObsession;26;0;16
2246;EVObsession;7;0;1
2247;EVObsession;16;1;9
2248;EVObsession;9;0;1
2249;EVObsession;11;0;1
2250;EVObsession;10;0;1
2251;EVObsession;21;0;7
2252;EVObsession;0;0;0
2253;EVObsession;13;0;1
2254;EVObsession;0;0;0
2255;EVObsession;10;0;1
2256;EVObsession;16;0;1
2257;EVObsession;11;0;1
2258;EVObsession;5;0;1
2259;EVObsession;8;0;1
2260;EVObsession;10;0;1
2261;EVObsession;8;0;1
2262;EVObsession;5;0;5
2263;EVObsession;6;0;1
2264;EVObsession;6;0;1
2265;EVObsession;9;0;1
2266;EVObsession;3;1;5
2267;EVObsession;6;1;0
2268;EVObsession;7;0;1
2269;EVObsession;9;0;1
2270;EVObsession;8;0;1
2271;EVObsession;13;0;1
2272;EVObsession;14;0;1
2273;EVObsession;10;0;1
2274;EVObsession;5;0;1
2275;EVObsession;4;0;1
2276;EVObsession;3;0;1
2277;EVObsession;11;0;2
2278;EVObsession;5;0;1
2279;EVObsession;6;0;1
2280;EVObsession;4;0;1
2281;EVObsession;10;0;1
2282;EVObsession;8;0;1
2283;EVObsession;5;0;1
2284;EVObsession;5;0;1
2285;EVObsession;6;0;1
2286;EVObsession;4;0;1
2287;EVObsession;5;0;2
2288;EVObsession;3;0;1
2289;EVObsession;4;0;1
2290;EVObsession;5;0;1
2291;EVObsession;5;0;1
2292;EVObsession;4;0;1
2293;EVObsession;4;0;1
2294;EVObsession;5;0;1
2295;EVObsession;12;1;1
2296;EVObsession;5;0;1
2297;EVObsession;4;0;1
2298;EVObsession;5;0;1
2299;EVObsession;6;0;1
2300;EVObsession;6;0;1
2301;EVObsession;6;0;1
2302;EVObsession;5;0;1
2303;EVObsession;10;1;2
2304;EVObsession;7;0;3
2305;EVObsession;14;0;2
2306;EVObsession;5;1;4
2307;EVObsession;5;0;1
2308;EVObsession;5;0;1
2309;EVObsession;9;0;2
2310;EVObsession;17;1;3
2311;EVObsession;3;0;0
2312;EVObsession;4;1;8
2313;EVObsession;13;0;2
2314;EVObsession;9;0;2
2315;EVObsession;5;0;1
2316;EVObsession;5;0;1
2317;EVObsession;6;0;1
2318;EVObsession;0;0;0
2319;EVObsession;5;0;1
2320;EVObsession;33;0;15
2321;EVObsession;4;0;1
2322;EVObsession;5;0;1
2323;EVObsession;6;0;1
2324;EVObsession;0;0;0
2325;EVObsession;4;0;1
2326;EVObsession;6;0;1
2327;EVObsession;5;0;1
2328;EVObsession;2;0;1
2329;EVObsession;16;0;1
2330;EVObsession;4;0;1
2331;EVObsession;4;0;1
2332;EVObsession;6;0;1
2333;EVObsession;0;0;0
2334;EVObsession;6;0;0
2335;EVObsession;4;0;1
2336;EVObsession;9;0;1
2337;EVObsession;6;0;1
2338;EVObsession;5;0;1
2339;EVObsession;9;0;1
2340;EVObsession;7;0;1
2341;EVObsession;5;0;1
2342;EVObsession;5;1;6
2343;EVObsession;5;0;1
2344;EVObsession;5;0;1
2345;EVObsession;8;0;3
2346;EVObsession;4;0;1
2347;EVObsession;4;0;1
2348;EVObsession;8;0;1
2349;EVObsession;4;0;0
2350;EVObsession;6;0;0
2351;EVObsession;5;0;1
2352;EVObsession;7;0;1
2353;EVObsession;6;0;1
2354;EVObsession;7;0;1
2355;EVObsession;7;0;2
2356;EVObsession;3;0;1
2357;EVObsession;7;0;5
2358;EVObsession;4;0;1
2359;EVObsession;4;0;1
2360;EVObsession;9;0;1
2361;EVObsession;11;0;1
2362;EVObsession;16;0;1
2363;EVObsession;11;0;1
2364;EVObsession;3;0;1
2365;EVObsession;8;0;1
2366;EVObsession;7;0;1
2367;EVObsession;4;0;1
2368;EVObsession;5;0;1
2369;EVObsession;4;0;1
2370;EVObsession;4;0;1
2371;EVObsession;8;0;2
2372;EVObsession;5;0;1
2373;EVObsession;3;0;1
2374;EVObsession;3;0;1
2375;EVObsession;6;0;1
2376;EVObsession;6;0;1
2377;EVObsession;8;2;1
2378;EVObsession;5;0;1
2379;EVObsession;4;0;1
2380;EVObsession;6;0;1
2381;EVObsession;6;0;1
2382;EVObsession;0;0;0
2383;EVObsession;4;0;1
2384;EVObsession;4;0;2
2385;EVObsession;4;0;1
2386;EVObsession;4;0;1
2387;EVObsession;4;0;1
2388;EVObsession;0;0;0
2389;EVObsession;5;0;1
2390;EVObsession;4;0;1
2391;EVObsession;4;0;0
2392;EVObsession;35;2;12
2393;EVObsession;4;0;1
2394;EVObsession;3;0;1
2395;EVObsession;2;0;1
2396;EVObsession;4;0;1
2397;EVObsession;4;0;1
2398;EVObsession;7;0;0
2399;EVObsession;3;0;1
2400;EVObsession;0;0;0
2401;EVObsession;7;0;1
2402;EVObsession;0;0;0
2403;EVObsession;4;0;1
2404;EVObsession;6;0;1
2405;EVObsession;3;0;1
2406;EVObsession;6;0;1
2407;EVObsession;2;0;1
2408;EVObsession;0;0;0
2409;EVObsession;0;0;0
2410;EVObsession;0;0;0
2411;EVObsession;6;0;1
2412;EVObsession;3;0;1
2413;EVObsession;5;0;1
2414;EVObsession;4;0;1
2415;EVObsession;6;0;1
2416;EVObsession;4;0;1
2417;EVObsession;4;0;1
2418;EVObsession;5;2;1
2419;EVObsession;8;0;1
2420;EVObsession;4;0;1
2421;EVObsession;4;0;1
2422;EVObsession;3;0;1
2423;EVObsession;4;0;1
2424;EVObsession;4;0;1
2425;EVObsession;6;0;1
2426;EVObsession;5;0;1
2427;EVObsession;4;0;1
2428;EVObsession;5;0;1
2429;EVObsession;4;0;1
2430;EVObsession;5;0;1
2431;EVObsession;8;0;2
2432;EVObsession;2;0;1
2433;EVObsession;0;0;0
2434;EVObsession;0;0;0
2435;EVObsession;3;0;1
2436;EVObsession;4;0;1
2437;EVObsession;3;0;1
2438;EVObsession;4;0;1
2439;EVObsession;6;0;1
2440;EVObsession;5;0;1
2441;EVObsession;0;0;0
2442;EVObsession;6;0;2
2443;EVObsession;7;0;2
2444;EVObsession;7;0;1
2445;EVObsession;4;0;1
2446;EVObsession;2;0;1
2447;EVObsession;4;0;1
2448;EVObsession;5;0;1
2449;EVObsession;3;0;1
2450;EVObsession;3;0;1
2451;EVObsession;5;0;2
2452;EVObsession;0;0;0
2453;EVObsession;6;0;1
2454;EVObsession;3;0;1
2455;EVObsession;3;1;1
2456;EVObsession;6;0;1
2457;EVObsession;6;0;0
2458;EVObsession;6;0;1
2459;EVObsession;6;0;1
2460;EVObsession;6;0;1
2461;EVObsession;6;0;1
2462;EVObsession;5;0;1
2463;EVObsession;5;0;1
2464;EVObsession;4;0;1
2465;EVObsession;0;0;0
2466;EVObsession;5;0;1
2467;EVObsession;5;0;1
2468;EVObsession;4;1;9
2469;EVObsession;4;0;1
2470;EVObsession;4;0;1
2471;EVObsession;5;0;1
2472;EVObsession;5;0;1
2473;EVObsession;13;1;5
2474;EVObsession;9;0;1
2475;EVObsession;20;0;6
2476;EVObsession;10;0;1
2477;EVObsession;8;2;8
2478;EVObsession;8;0;1
2479;EVObsession;5;0;1
2480;EVObsession;6;0;1
2481;EVObsession;0;0;0
2482;EVObsession;6;0;1
2483;EVObsession;5;0;1
2484;EVObsession;6;0;1
2485;EVObsession;5;0;1
2486;EVObsession;4;0;1
2487;EVObsession;6;1;9
2488;EVObsession;7;0;1
2489;EVObsession;7;0;1
2490;EVObsession;5;0;1
2491;EVObsession;5;0;1
2492;EVObsession;7;1;6
2493;EVObsession;7;0;1
2494;EVObsession;5;0;1
2495;EVObsession;18;0;1
2496;EVObsession;3;0;2
2497;EVObsession;2;0;1
2498;EVObsession;10;0;1
2499;EVObsession;5;0;1
2500;EVObsession;14;0;1
2501;EVObsession;8;0;1
2502;EVObsession;8;0;1
2503;EVObsession;7;0;2
2504;EVObsession;6;0;2
2505;EVObsession;8;0;2
2506;EVObsession;12;0;4
2507;EVObsession;10;0;1
2508;EVObsession;10;1;6
2509;EVObsession;4;0;1
2510;EVObsession;10;0;2
2511;EVObsession;4;0;2
2512;EVObsession;8;0;2
2513;EVObsession;12;0;2
2514;EVObsession;6;0;1
2515;EVObsession;9;0;2
2516;EVObsession;4;0;2
2517;EVObsession;4;0;2
2518;EVObsession;4;0;2
2519;EVObsession;8;0;2
2520;EVObsession;11;0;2
2521;EVObsession;7;0;2
2522;EVObsession;8;0;2
2523;EVObsession;13;0;1
2524;EVObsession;55;1;2
2525;EVObsession;14;0;1
2526;EVObsession;5;0;0
2527;EVObsession;8;0;1
2528;EVObsession;6;0;1
2529;EVObsession;12;0;1
2530;EVObsession;6;0;0
2531;EVObsession;10;0;1
2532;EVObsession;6;0;1
2533;EVObsession;7;0;1
2534;EVObsession;13;0;1
2535;EVObsession;9;0;2
2536;EVObsession;10;0;1
2537;EVObsession;7;0;3
2538;EVObsession;11;0;2
2539;EVObsession;8;0;2
2540;EVObsession;5;0;2
2541;EVObsession;5;0;2
2542;EVObsession;5;0;2
2543;EVObsession;7;0;2
2544;EVObsession;3;0;2
2545;EVObsession;11;0;4
2546;EVObsession;5;0;1
2547;EVObsession;4;0;1
2548;EVObsession;13;0;0
2549;EVObsession;17;0;0
2550;EVObsession;8;0;1
2551;EVObsession;13;0;1
2552;EVObsession;9;1;1
2553;EVObsession;14;0;1
2554;EVObsession;8;0;1
2555;EVObsession;96;0;42
2556;EVObsession;10;3;1
2557;EVObsession;10;0;1
2558;EVObsession;14;0;2
2559;EVObsession;10;0;1
2560;EVObsession;15;2;1
2561;EVObsession;12;2;0
2562;EVObsession;12;0;3
2563;EVObsession;13;0;2
2564;EVObsession;13;0;2
2565;EVObsession;13;1;0
2566;EVObsession;15;0;0
2567;EVObsession;5;1;0
2568;EVObsession;3;1;0
2569;EVObsession;2;0;0
2570;EVObsession;8;0;6
2571;EVObsession;9;0;1
2572;EVObsession;13;1;1
2573;EVObsession;11;0;1
2574;EVObsession;6;0;1
2575;EVObsession;9;1;2
2576;EVObsession;14;6;0
2577;EVObsession;2;0;0
2578;EVObsession;5;0;0
2579;EVObsession;15;1;1
2580;EVObsession;51;0;2
2581;EVObsession;7;0;1
2582;EVObsession;10;0;2
2583;EVObsession;9;0;1
2584;EVObsession;7;0;1
2585;EVObsession;13;0;1
2586;EVObsession;9;0;2
2587;EVObsession;24;0;3
2588;EVObsession;8;1;1
2589;EVObsession;56;0;13
2590;EVObsession;28;6;5
2591;EVObsession;8;1;1
2592;EVObsession;13;0;1
2593;EVObsession;7;1;1
2594;EVObsession;7;0;1
2595;EVObsession;7;0;1
2596;EVObsession;9;1;0
2597;EVObsession;18;1;2
2598;EVObsession;16;0;2
2599;EVObsession;8;0;1
2600;EVObsession;14;0;3
2601;EVObsession;9;0;0
2602;EVObsession;9;1;0
2603;EVObsession;11;2;1
2604;EVObsession;7;2;1
2605;EVObsession;18;0;1
2606;EVObsession;2;0;1
2607;EVObsession;2;0;1
2608;EVObsession;2;0;1
2609;EVObsession;2;0;1
2610;EVObsession;2;0;1
2611;EVObsession;19;1;3
2612;EVObsession;10;1;1
2613;EVObsession;7;2;2
2614;EVObsession;24;3;4
2615;EVObsession;8;1;1
2616;EVObsession;10;0;0
2617;EVObsession;29;0;7
2618;EVObsession;46;3;14
2619;EVObsession;8;1;1
2620;EVObsession;8;0;0
2621;EVObsession;8;0;0
2622;EVObsession;17;0;2
2623;EVObsession;41;3;19
2624;EVObsession;7;0;1
2625;EVObsession;14;0;1
2626;EVObsession;16;0;1
2627;EVObsession;2;0;0
2628;EVObsession;9;0;0
2629;EVObsession;12;0;1
2630;EVObsession;9;1;1
2631;EVObsession;14;1;0
2632;EVObsession;7;0;1
2633;EVObsession;9;0;1
2634;EVObsession;9;0;1
2635;EVObsession;8;0;1
2636;EVObsession;9;0;1
2637;EVObsession;7;0;1
2638;EVObsession;6;2;1
2639;EVObsession;11;1;3
2640;EVObsession;9;0;1
2641;EVObsession;9;0;3
2642;EVObsession;13;2;1
2643;EVObsession;5;0;1
2644;EVObsession;24;0;2
2645;EVObsession;4;1;1
2646;EVObsession;9;0;1
2647;EVObsession;1;0;0
2648;EVObsession;7;0;1
2649;EVObsession;5;0;0
2650;EVObsession;13;0;0
2651;EVObsession;4;0;1
2652;EVObsession;13;0;1
2653;EVObsession;11;0;1
2654;EVObsession;5;0;1
2655;EVObsession;31;0;1
2656;EVObsession;7;0;1
2657;EVObsession;8;0;1
2658;EVObsession;17;0;4
2659;EVObsession;14;1;1
2660;EVObsession;17;0;0
2661;EVObsession;2;0;1
2662;EVObsession;3;0;1
2663;EVObsession;10;0;1
2664;EVObsession;2;0;1
2665;EVObsession;2;0;1
2666;EVObsession;3;0;1
2667;EVObsession;2;0;1
2668;EVObsession;2;0;1
2669;EVObsession;14;0;2
2670;EVObsession;5;1;1
2671;EVObsession;2;0;1
2672;EVObsession;3;0;1
2673;EVObsession;3;0;1
2674;EVObsession;3;0;1
2675;EVObsession;3;0;1
2676;EVObsession;3;0;1
2677;EVObsession;3;0;1
2678;EVObsession;3;0;1
2679;EVObsession;3;0;1
2680;EVObsession;3;0;1
2681;EVObsession;11;0;2
2682;EVObsession;2;0;1
2683;EVObsession;2;0;1
2684;EVObsession;4;0;1
2685;EVObsession;9;0;1
2686;EVObsession;10;0;1
2687;EVObsession;5;1;1
2688;EVObsession;2;0;1
2689;EVObsession;15;1;1
2690;EVObsession;18;0;1
2691;EVObsession;12;0;4
2692;EVObsession;8;0;2
2693;EVObsession;8;0;1
2694;EVObsession;2;0;0
2695;EVObsession;14;0;2
2696;EVObsession;10;0;1
2697;EVObsession;7;0;1
2698;EVObsession;12;0;1
2699;EVObsession;10;0;1
2700;EVObsession;8;0;2
2701;EVObsession;10;0;1
2702;EVObsession;3;0;0
2703;EVObsession;6;1;1
2704;EVObsession;19;2;2
2705;EVObsession;5;0;1
2706;EVObsession;9;0;3
2707;EVObsession;7;0;1
2708;EVObsession;14;0;4
2709;EVObsession;11;1;1
2710;EVObsession;11;2;1
2711;EVObsession;10;1;1
2712;EVObsession;12;0;0
2713;EVObsession;9;1;5
2714;EVObsession;9;0;0
2715;EVObsession;11;0;4
2716;EVObsession;24;0;2
2717;EVObsession;9;0;2
2718;EVObsession;7;0;1
2719;EVObsession;13;0;1
2720;EVObsession;84;0;1
2721;EVObsession;19;0;1
2722;EVObsession;2;0;1
2723;EVObsession;2;0;1
2724;EVObsession;2;0;1
2725;EVObsession;2;0;1
2726;EVObsession;0;0;0
2727;EVObsession;2;0;1
2728;EVObsession;5;0;1
2729;EVObsession;11;0;1
2730;EVObsession;9;0;1
2731;EVObsession;2;0;1
2732;EVObsession;2;0;1
2733;EVObsession;3;0;1
2734;EVObsession;2;0;1
2735;EVObsession;2;0;1
2736;EVObsession;3;0;0
2737;EVObsession;4;0;1
2738;EVObsession;3;0;1
2739;EVObsession;0;0;0
2740;EVObsession;0;0;0
2741;EVObsession;0;0;0
2742;EVObsession;0;0;0
2743;EVObsession;0;0;0
2744;EVObsession;0;0;0
2745;EVObsession;0;0;0
2746;EVObsession;0;0;0
2747;EVObsession;0;0;0
2748;EVObsession;0;0;0
2749;EVObsession;0;0;0
2750;EVObsession;0;0;0
2751;EVObsession;0;0;0
2752;EVObsession;0;0;0
2753;EVObsession;0;0;0
2754;EVObsession;0;0;0
2755;EVObsession;0;0;0
2756;EVObsession;0;0;0
2757;EVObsession;0;0;0
2758;EVObsession;0;0;0
2759;EVObsession;0;0;0
2760;EVObsession;0;0;0
2761;EVObsession;0;0;0
2762;EVObsession;0;0;0
2763;EVObsession;0;0;0
2764;EVObsession;0;0;0
2765;EVObsession;0;0;0
2766;EVObsession;0;0;0
2767;EVObsession;0;0;0
2768;EVObsession;0;0;0
2769;EVObsession;0;0;0
2770;EVObsession;0;0;0
2771;EVObsession;0;0;0
2772;EVObsession;0;0;0
2773;EVObsession;0;0;0
2774;EVObsession;0;0;0
2775;EVObsession;0;0;0
2776;EVObsession;0;0;0
2777;EVObsession;0;0;0
2778;EVObsession;0;0;0
2779;EVObsession;0;0;0
2780;EVObsession;0;0;0
2781;EVObsession;0;0;0
2782;EVObsession;0;0;0
2783;EVObsession;0;0;0
2784;EVObsession;0;0;0
2785;EVObsession;0;0;0
2786;EVObsession;0;0;0
2787;EVObsession;0;0;0
2788;EVObsession;0;0;0
2789;EVObsession;0;0;0
2790;EVObsession;0;0;0
2791;EVObsession;0;0;0
2792;EVObsession;0;0;0
2793;EVObsession;0;0;0
2794;EVObsession;0;0;0
2795;EVObsession;10;0;1
2796;EVObsession;14;0;4
2797;EVObsession;8;0;1
2798;EVObsession;5;0;1
2799;EVObsession;9;0;1
2800;EVObsession;9;0;3
2801;EVObsession;5;1;1
2802;EVObsession;14;0;2
2803;EVObsession;10;0;0
2804;EVObsession;9;0;1
2805;EVObsession;2;0;2
2806;EVObsession;8;0;1
2807;EVObsession;10;2;1
2808;EVObsession;13;0;1
2809;EVObsession;14;0;1
2810;EVObsession;9;0;1
2811;EVObsession;2;0;1
2812;EVObsession;11;0;2
2813;EVObsession;12;0;1
2814;EVObsession;10;0;1
2815;EVObsession;18;0;4
2816;EVObsession;10;0;2
2817;EVObsession;13;0;3
2818;EVObsession;14;0;4
2819;EVObsession;29;0;5
2820;EVObsession;8;0;1
2821;EVObsession;10;0;1
2822;EVObsession;15;0;5
2823;EVObsession;8;0;1
2824;EVObsession;15;0;2
2825;EVObsession;12;0;1
2826;EVObsession;11;0;3
2827;EVObsession;4;0;1
2828;EVObsession;10;0;1
2829;EVObsession;9;0;1
2830;EVObsession;11;0;5
2831;EVObsession;9;0;2
2832;EVObsession;6;0;1
2833;EVObsession;10;0;1
2834;EVObsession;8;0;1
2835;EVObsession;8;0;1
2836;EVObsession;9;0;1
2837;EVObsession;7;0;1
2838;EVObsession;2;0;1
2839;EVObsession;14;0;6
2840;EVObsession;11;0;1
2841;EVObsession;16;0;1
2842;EVObsession;15;2;5
2843;EVObsession;15;0;2
2844;EVObsession;4;0;0
2845;EVObsession;9;1;2
2846;EVObsession;10;1;1
2847;EVObsession;26;7;5
2848;EVObsession;31;9;7
2849;EVObsession;2;0;1
2850;EVObsession;1;0;1
2851;EVObsession;1;0;1
2852;EVObsession;1;0;1
2853;EVObsession;5;0;0
2854;EVObsession;1;0;1
2855;EVObsession;8;0;1
2856;EVObsession;7;0;1
2857;EVObsession;11;0;1
2858;EVObsession;3;0;0
2859;EVObsession;15;0;5
2860;EVObsession;9;0;1
2861;EVObsession;13;0;1
2862;EVObsession;8;0;3
2863;EVObsession;24;2;2
2864;EVObsession;3;0;0
2865;EVObsession;10;2;2
2866;EVObsession;3;0;1
2867;EVObsession;9;0;1
2868;EVObsession;17;0;2
2869;EVObsession;5;0;4
2870;EVObsession;1;0;1
2871;EVObsession;1;0;1
2872;EVObsession;1;0;0
2873;EVObsession;3;0;2
2874;EVObsession;1;0;1
2875;EVObsession;3;0;0
2876;EVObsession;2;0;2
2877;EVObsession;1;0;1
2878;EVObsession;1;0;1
2879;EVObsession;4;0;0
2880;EVObsession;2;0;1
2881;EVObsession;1;0;1
2882;EVObsession;2;0;1
2883;EVObsession;1;0;1
2884;EVObsession;22;2;8
2885;EVObsession;7;0;1
2886;EVObsession;9;0;3
2887;EVObsession;10;1;4
2888;EVObsession;8;1;2
2889;EVObsession;12;0;0
2890;EVObsession;13;0;2
2891;EVObsession;24;0;0
2892;EVObsession;15;0;3
2893;EVObsession;6;0;5
2894;EVObsession;11;0;2
2895;EVObsession;8;0;2
2896;EVObsession;9;0;1
2897;EVObsession;11;0;1
2898;EVObsession;8;1;2
2899;EVObsession;8;0;1
2900;EVObsession;9;0;1
2901;EVObsession;20;0;2
2902;EVObsession;14;1;1
2903;EVObsession;13;0;1
2904;EVObsession;11;3;1
2905;EVObsession;11;0;2
2906;EVObsession;4;0;1
2907;EVObsession;30;7;5
2908;EVObsession;23;0;6
2909;EVObsession;7;0;2
2910;EVObsession;15;0;2
2911;EVObsession;9;0;2
2912;EVObsession;5;1;0
2913;EVObsession;7;1;2
2914;EVObsession;18;0;4
2915;EVObsession;3;1;1
2916;EVObsession;17;5;2
2917;EVObsession;5;0;2
2918;EVObsession;11;0;3
2919;EVObsession;11;0;1
2920;EVObsession;6;1;1
2921;EVObsession;8;0;1
2922;EVObsession;13;0;2
2923;EVObsession;8;1;3
2924;EVObsession;9;0;1
2925;EVObsession;11;0;1
2926;EVObsession;7;0;1
2927;EVObsession;8;0;1
2928;EVObsession;4;0;1
2929;EVObsession;9;0;1
2930;EVObsession;6;0;1
2931;EVObsession;8;0;1
2932;EVObsession;20;0;2
2933;EVObsession;8;0;1
2934;EVObsession;6;1;0
2935;EVObsession;16;0;5
2936;EVObsession;19;1;2
2937;EVObsession;16;0;7
2938;EVObsession;0;0;0
