article_number;source_mag;paragraphs;lists;images
0;SolarLove;17;0;1
1;SolarLove;62;1;7
2;SolarLove;114;1;7
3;SolarLove;49;1;5
4;SolarLove;37;1;4
5;SolarLove;47;0;1
6;SolarLove;71;0;4
7;SolarLove;17;0;4
8;SolarLove;20;0;5
9;SolarLove;19;0;7
10;SolarLove;7;0;1
11;SolarLove;7;0;1
12;SolarLove;8;0;1
13;SolarLove;5;0;1
14;SolarLove;12;0;1
15;SolarLove;16;0;3
16;SolarLove;9;0;1
17;SolarLove;9;0;0
18;SolarLove;14;0;1
19;SolarLove;11;0;1
20;SolarLove;19;0;1
21;SolarLove;13;0;3
22;SolarLove;11;0;2
23;SolarLove;13;0;1
24;SolarLove;11;0;1
25;SolarLove;11;0;1
26;SolarLove;15;0;2
27;SolarLove;10;0;1
28;SolarLove;8;0;1
29;SolarLove;14;0;1
30;SolarLove;6;0;0
31;SolarLove;7;1;3
32;SolarLove;15;0;1
33;SolarLove;13;0;1
34;SolarLove;38;0;3
35;SolarLove;32;0;1
36;SolarLove;10;0;1
37;SolarLove;10;0;1
38;SolarLove;7;0;1
39;SolarLove;10;0;1
40;SolarLove;9;0;0
41;SolarLove;34;0;1
42;SolarLove;12;0;1
43;SolarLove;22;0;1
44;SolarLove;13;5;2
45;SolarLove;20;0;2
46;SolarLove;26;0;0
47;SolarLove;30;6;2
48;SolarLove;11;0;1
49;SolarLove;12;0;1
50;SolarLove;16;0;2
51;SolarLove;12;0;3
52;SolarLove;9;0;1
53;SolarLove;11;0;1
54;SolarLove;10;0;1
55;SolarLove;9;0;1
56;SolarLove;14;0;3
57;SolarLove;8;0;0
58;SolarLove;24;0;1
59;SolarLove;11;0;2
60;SolarLove;8;0;0
61;SolarLove;14;0;1
62;SolarLove;14;0;1
63;SolarLove;9;1;0
64;SolarLove;9;0;0
65;SolarLove;7;0;0
66;SolarLove;58;3;6
67;SolarLove;9;0;0
68;SolarLove;13;0;4
69;SolarLove;14;0;1
70;SolarLove;7;0;2
71;SolarLove;28;0;2
72;SolarLove;18;1;1
73;SolarLove;37;0;4
74;SolarLove;19;0;1
75;SolarLove;11;0;1
76;SolarLove;8;0;2
77;SolarLove;37;0;1
78;SolarLove;13;0;0
79;SolarLove;27;0;1
80;SolarLove;32;0;1
81;SolarLove;31;0;4
82;SolarLove;22;0;3
83;SolarLove;19;0;2
84;SolarLove;21;1;3
85;SolarLove;18;0;16
86;SolarLove;10;0;0
87;SolarLove;20;0;0
88;SolarLove;13;0;1
89;SolarLove;34;0;10
90;SolarLove;9;1;1
91;SolarLove;12;0;1
92;SolarLove;9;0;0
93;SolarLove;30;0;3
94;SolarLove;14;0;2
95;SolarLove;16;7;0
96;SolarLove;6;0;0
97;SolarLove;13;0;1
98;SolarLove;41;0;10
99;SolarLove;27;0;10
100;SolarLove;7;0;0
101;SolarLove;9;0;0
102;SolarLove;27;0;3
103;SolarLove;7;0;1
104;SolarLove;8;0;1
105;SolarLove;12;0;1
106;SolarLove;8;0;1
107;SolarLove;11;0;1
108;SolarLove;12;0;1
109;SolarLove;10;1;1
110;SolarLove;14;0;1
111;SolarLove;9;0;1
112;SolarLove;9;0;1
113;SolarLove;13;0;1
114;SolarLove;9;0;1
115;SolarLove;11;0;1
116;SolarLove;11;0;1
117;SolarLove;17;0;1
118;SolarLove;9;0;1
119;SolarLove;10;0;1
120;SolarLove;9;0;1
121;SolarLove;10;0;1
122;SolarLove;10;0;1
123;SolarLove;18;0;1
124;SolarLove;8;0;1
125;SolarLove;13;0;1
126;SolarLove;11;0;1
127;SolarLove;11;0;1
128;SolarLove;8;0;1
129;SolarLove;9;0;1
130;SolarLove;13;0;1
131;SolarLove;12;0;1
132;SolarLove;12;0;1
133;SolarLove;15;0;1
134;SolarLove;12;0;2
135;SolarLove;13;0;1
136;SolarLove;10;0;1
137;SolarLove;9;0;2
138;SolarLove;11;0;1
139;SolarLove;5;0;1
140;SolarLove;14;0;1
141;SolarLove;10;0;1
142;SolarLove;10;0;1
143;SolarLove;13;0;1
144;SolarLove;14;0;1
145;SolarLove;7;0;1
146;SolarLove;16;0;2
147;SolarLove;11;0;1
148;SolarLove;13;1;1
149;SolarLove;11;0;1
150;SolarLove;16;0;1
151;SolarLove;10;0;2
152;SolarLove;8;0;1
153;SolarLove;6;0;1
154;SolarLove;11;0;1
155;SolarLove;26;0;5
156;SolarLove;8;0;1
157;SolarLove;17;0;3
158;SolarLove;10;0;1
159;SolarLove;10;0;1
160;SolarLove;84;12;3
161;SolarLove;11;0;1
162;SolarLove;10;1;1
163;SolarLove;16;0;1
164;SolarLove;10;0;1
165;SolarLove;9;0;1
166;SolarLove;23;0;4
167;SolarLove;8;0;1
168;SolarLove;10;0;1
169;SolarLove;11;0;1
170;SolarLove;9;0;1
171;SolarLove;9;0;2
172;SolarLove;11;0;1
173;SolarLove;7;0;1
174;SolarLove;8;0;1
175;SolarLove;7;0;1
176;SolarLove;8;0;1
177;SolarLove;10;0;1
178;SolarLove;10;0;1
179;SolarLove;12;0;1
180;SolarLove;9;0;1
181;SolarLove;17;0;1
182;SolarLove;9;0;1
183;SolarLove;10;0;1
184;SolarLove;11;0;1
185;SolarLove;10;0;1
186;SolarLove;10;0;1
187;SolarLove;14;0;1
188;SolarLove;12;0;1
189;SolarLove;11;0;1
190;SolarLove;15;1;4
191;SolarLove;12;0;1
192;SolarLove;18;0;6
193;SolarLove;14;0;1
194;SolarLove;12;0;2
195;SolarLove;13;0;3
196;SolarLove;12;0;2
197;SolarLove;16;0;1
198;SolarLove;20;0;2
199;SolarLove;9;0;1
200;SolarLove;13;0;1
201;SolarLove;10;0;1
202;SolarLove;7;0;1
203;SolarLove;15;0;1
204;SolarLove;10;0;2
205;SolarLove;10;0;2
206;SolarLove;13;0;1
207;SolarLove;16;0;1
208;SolarLove;11;0;1
209;SolarLove;15;0;1
210;SolarLove;10;0;1
211;SolarLove;18;0;1
212;SolarLove;19;0;1
213;SolarLove;11;0;1
214;SolarLove;12;1;1
215;SolarLove;8;0;1
216;SolarLove;14;0;1
217;SolarLove;9;0;1
218;SolarLove;13;0;1
219;SolarLove;7;0;1
220;SolarLove;13;0;1
221;SolarLove;8;0;1
222;SolarLove;10;0;1
223;SolarLove;11;0;1
224;SolarLove;16;0;2
225;SolarLove;10;0;1
226;SolarLove;15;0;1
227;SolarLove;16;0;1
228;SolarLove;16;0;1
229;SolarLove;10;0;1
230;SolarLove;8;0;1
231;SolarLove;9;0;1
232;SolarLove;10;1;1
233;SolarLove;10;0;0
234;SolarLove;13;0;2
235;SolarLove;13;0;1
236;SolarLove;8;0;1
237;SolarLove;9;0;1
238;SolarLove;9;0;1
239;SolarLove;40;3;3
240;SolarLove;14;1;1
241;SolarLove;24;0;5
242;SolarLove;31;1;1
243;SolarLove;34;1;1
244;SolarLove;23;1;1
245;SolarLove;8;1;1
246;SolarLove;12;0;2
247;SolarLove;8;0;1
248;SolarLove;33;0;10
249;SolarLove;18;0;1
250;SolarLove;10;0;1
251;SolarLove;12;1;3
252;SolarLove;11;0;1
253;SolarLove;17;0;5
254;SolarLove;9;1;2
255;SolarLove;11;1;1
256;SolarLove;16;0;1
257;SolarLove;22;1;2
258;SolarLove;14;0;1
259;SolarLove;23;0;2
260;SolarLove;8;0;1
261;SolarLove;9;0;1
262;SolarLove;9;0;1
263;SolarLove;11;1;1
264;SolarLove;17;0;1
265;SolarLove;18;0;1
266;SolarLove;21;0;1
267;SolarLove;9;0;1
268;SolarLove;6;0;1
269;SolarLove;9;1;1
270;SolarLove;8;0;1
271;SolarLove;13;0;1
272;SolarLove;12;1;2
273;SolarLove;12;0;1
274;SolarLove;28;0;1
275;SolarLove;22;0;1
276;SolarLove;7;0;1
277;SolarLove;17;0;1
278;SolarLove;8;1;1
279;SolarLove;8;0;1
280;SolarLove;8;0;1
281;SolarLove;9;0;1
282;SolarLove;9;0;1
283;SolarLove;9;0;1
284;SolarLove;18;0;1
285;SolarLove;15;0;1
286;SolarLove;13;0;1
287;SolarLove;11;0;1
288;SolarLove;19;0;5
289;SolarLove;4;0;0
290;SolarLove;15;0;4
291;SolarLove;25;1;5
292;SolarLove;9;0;0
293;SolarLove;13;0;1
294;SolarLove;9;0;1
295;SolarLove;15;0;1
296;SolarLove;8;1;1
297;SolarLove;10;0;1
298;SolarLove;10;0;1
299;SolarLove;8;0;0
300;SolarLove;6;0;0
301;SolarLove;8;0;0
302;SolarLove;8;0;0
303;SolarLove;8;0;1
304;SolarLove;27;0;1
305;SolarLove;8;0;1
306;SolarLove;10;0;2
307;SolarLove;12;1;1
308;SolarLove;9;0;1
309;SolarLove;8;0;1
310;SolarLove;6;0;0
311;SolarLove;8;0;1
312;SolarLove;22;0;1
313;SolarLove;10;0;1
314;SolarLove;9;0;1
315;SolarLove;8;0;0
316;SolarLove;8;0;1
317;SolarLove;23;0;1
318;SolarLove;9;0;1
319;SolarLove;9;0;1
320;SolarLove;7;0;1
321;SolarLove;7;0;2
322;SolarLove;21;0;1
323;SolarLove;8;0;1
324;SolarLove;11;0;1
325;SolarLove;11;0;1
326;SolarLove;7;0;1
327;SolarLove;10;5;1
328;SolarLove;9;0;0
329;SolarLove;7;0;0
330;SolarLove;4;0;0
331;SolarLove;13;0;1
332;SolarLove;7;0;1
333;SolarLove;8;0;1
334;SolarLove;12;0;1
335;SolarLove;8;0;1
336;SolarLove;20;0;1
337;SolarLove;7;0;0
338;SolarLove;10;0;1
339;SolarLove;16;0;1
340;SolarLove;19;0;1
341;SolarLove;6;0;0
342;SolarLove;6;0;0
343;SolarLove;6;0;1
344;SolarLove;7;0;0
345;SolarLove;10;0;1
346;SolarLove;11;0;1
347;SolarLove;9;0;2
348;SolarLove;10;0;1
349;SolarLove;9;0;1
350;SolarLove;9;0;0
351;SolarLove;12;0;1
352;SolarLove;9;0;1
353;SolarLove;7;0;1
354;SolarLove;8;0;0
355;SolarLove;7;0;1
356;SolarLove;10;0;1
357;SolarLove;9;0;1
358;SolarLove;8;0;1
359;SolarLove;6;0;0
360;SolarLove;8;0;1
361;SolarLove;19;1;2
362;SolarLove;8;0;1
363;SolarLove;8;0;1
364;SolarLove;7;0;2
365;SolarLove;7;0;0
366;SolarLove;9;0;1
367;SolarLove;9;0;1
368;SolarLove;9;0;1
369;SolarLove;8;0;1
370;SolarLove;7;0;0
371;SolarLove;5;0;0
372;SolarLove;5;0;0
373;SolarLove;11;1;2
374;SolarLove;16;0;3
375;SolarLove;8;1;0
376;SolarLove;8;1;0
377;SolarLove;9;0;1
378;SolarLove;7;0;0
379;SolarLove;10;0;1
380;SolarLove;8;0;1
381;SolarLove;7;0;2
382;SolarLove;9;0;1
383;SolarLove;8;0;0
384;SolarLove;7;0;0
385;SolarLove;7;1;1
386;SolarLove;9;0;2
387;SolarLove;7;0;1
388;SolarLove;9;0;1
389;SolarLove;9;0;1
390;SolarLove;10;0;1
391;SolarLove;20;0;2
392;SolarLove;9;0;2
393;SolarLove;9;0;1
394;SolarLove;12;0;1
395;SolarLove;8;0;1
396;SolarLove;8;0;0
397;SolarLove;10;0;0
398;SolarLove;5;0;0
399;SolarLove;7;0;0
400;SolarLove;5;0;0
401;SolarLove;6;0;0
402;SolarLove;10;0;0
403;SolarLove;6;0;0
404;SolarLove;6;0;0
405;SolarLove;9;0;0
406;SolarLove;9;0;1
407;SolarLove;7;0;1
408;SolarLove;9;0;1
409;SolarLove;20;0;1
410;SolarLove;8;0;1
411;SolarLove;7;0;1
412;SolarLove;9;0;1
413;SolarLove;19;0;2
414;SolarLove;12;0;1
415;SolarLove;8;0;1
416;SolarLove;20;2;1
417;SolarLove;15;0;3
418;SolarLove;5;0;1
419;SolarLove;11;0;1
420;SolarLove;8;0;1
421;SolarLove;11;0;1
422;SolarLove;7;0;1
423;SolarLove;17;0;2
424;SolarLove;11;0;1
425;SolarLove;26;0;1
426;SolarLove;12;0;1
427;SolarLove;10;0;1
428;SolarLove;18;4;1
429;SolarLove;13;0;1
430;SolarLove;8;1;1
431;SolarLove;9;0;1
432;SolarLove;15;0;0
433;SolarLove;16;0;1
434;SolarLove;10;0;1
435;SolarLove;7;0;1
436;SolarLove;5;0;0
437;SolarLove;31;0;3
438;SolarLove;5;0;1
439;SolarLove;11;0;2
440;SolarLove;11;0;1
441;SolarLove;5;0;0
442;SolarLove;7;0;0
443;SolarLove;13;0;1
444;SolarLove;5;0;0
445;SolarLove;11;0;1
446;SolarLove;6;0;1
447;SolarLove;7;0;1
448;SolarLove;10;0;1
449;SolarLove;6;0;1
450;SolarLove;5;0;0
451;SolarLove;6;0;0
452;SolarLove;8;0;0
453;SolarLove;5;0;1
454;SolarLove;5;0;1
455;SolarLove;5;0;0
456;SolarLove;7;0;1
457;SolarLove;6;1;1
458;SolarLove;6;0;0
459;SolarLove;8;0;0
460;SolarLove;8;0;0
461;SolarLove;10;1;1
462;SolarLove;9;0;1
463;SolarLove;4;0;1
464;SolarLove;6;0;1
465;SolarLove;25;0;1
466;SolarLove;8;0;1
467;SolarLove;6;0;1
468;SolarLove;7;0;2
469;SolarLove;5;0;0
470;SolarLove;6;0;2
471;SolarLove;6;1;0
472;SolarLove;14;1;1
473;SolarLove;7;0;0
474;SolarLove;7;0;0
475;SolarLove;16;0;1
476;SolarLove;18;0;2
477;SolarLove;9;0;1
478;SolarLove;10;0;1
479;SolarLove;6;0;0
480;SolarLove;5;0;0
481;SolarLove;6;0;0
482;SolarLove;5;0;0
483;SolarLove;26;0;1
484;SolarLove;14;0;1
485;SolarLove;8;0;0
486;SolarLove;11;1;1
487;SolarLove;8;0;0
488;SolarLove;9;0;1
489;SolarLove;8;0;1
490;SolarLove;8;0;1
491;SolarLove;7;0;0
492;SolarLove;6;0;0
493;SolarLove;8;0;0
494;SolarLove;8;0;0
495;SolarLove;4;0;0
496;SolarLove;10;0;1
497;SolarLove;9;0;3
498;SolarLove;5;0;1
499;SolarLove;7;0;1
500;SolarLove;14;0;1
501;SolarLove;8;1;1
502;SolarLove;7;0;1
503;SolarLove;12;0;1
504;SolarLove;9;0;1
505;SolarLove;6;0;1
506;SolarLove;17;0;1
507;SolarLove;5;0;0
508;SolarLove;5;0;0
509;SolarLove;10;0;1
510;SolarLove;7;0;1
511;SolarLove;7;0;1
512;SolarLove;7;0;0
513;SolarLove;5;0;1
514;SolarLove;4;0;1
515;SolarLove;6;0;0
516;SolarLove;6;0;0
517;SolarLove;7;0;1
518;SolarLove;5;0;1
519;SolarLove;14;0;1
520;SolarLove;10;0;3
521;SolarLove;5;0;2
522;SolarLove;6;0;1
523;SolarLove;11;0;1
524;SolarLove;6;0;1
525;SolarLove;11;0;2
526;SolarLove;6;0;1
527;SolarLove;8;0;0
528;SolarLove;12;0;3
529;SolarLove;7;0;1
530;SolarLove;10;0;1
531;SolarLove;10;0;1
532;SolarLove;9;1;1
533;SolarLove;8;0;1
534;SolarLove;8;0;1
535;SolarLove;6;0;0
536;SolarLove;7;0;0
537;SolarLove;6;0;1
538;SolarLove;7;0;1
539;SolarLove;6;0;1
540;SolarLove;15;0;1
541;SolarLove;11;0;1
542;SolarLove;10;0;1
543;SolarLove;7;0;0
544;SolarLove;6;0;0
545;SolarLove;7;0;0
546;SolarLove;10;0;2
547;SolarLove;7;0;1
548;SolarLove;13;0;1
549;SolarLove;7;0;1
550;SolarLove;8;0;1
551;SolarLove;10;0;0
552;SolarLove;15;0;2
553;SolarLove;16;0;1
554;SolarLove;9;0;1
555;SolarLove;13;0;1
556;SolarLove;9;0;1
557;SolarLove;10;0;1
558;SolarLove;7;0;1
559;SolarLove;14;0;0
560;SolarLove;9;0;1
561;SolarLove;5;0;0
562;SolarLove;17;0;5
563;SolarLove;6;0;1
564;SolarLove;17;0;1
565;SolarLove;7;0;0
566;SolarLove;11;2;1
567;SolarLove;8;0;1
568;SolarLove;15;0;1
569;SolarLove;6;0;1
570;SolarLove;12;0;2
571;SolarLove;13;0;1
572;SolarLove;11;0;1
573;SolarLove;7;0;0
574;SolarLove;25;0;2
575;SolarLove;10;0;0
576;SolarLove;9;0;0
577;SolarLove;11;0;1
578;SolarLove;9;0;1
579;SolarLove;7;0;0
580;SolarLove;12;0;1
581;SolarLove;16;11;1
582;SolarLove;22;0;4
583;SolarLove;7;0;1
584;SolarLove;14;0;3
585;SolarLove;8;0;1
586;SolarLove;8;0;1
587;SolarLove;27;0;2
588;SolarLove;17;0;3
589;SolarLove;8;0;1
590;SolarLove;26;0;2
591;SolarLove;20;1;2
592;SolarLove;7;0;1
593;SolarLove;10;0;1
594;SolarLove;10;0;1
595;SolarLove;14;0;1
596;SolarLove;15;0;1
597;SolarLove;5;0;1
598;SolarLove;19;0;2
599;SolarLove;7;0;1
600;SolarLove;12;0;1
601;SolarLove;34;0;4
602;SolarLove;11;0;1
603;SolarLove;14;0;2
604;SolarLove;9;0;3
605;SolarLove;9;0;1
606;SolarLove;14;0;2
607;SolarLove;12;0;2
608;SolarLove;10;0;1
609;SolarLove;10;0;2
610;SolarLove;17;0;2
611;SolarLove;10;0;1
612;SolarLove;11;0;3
613;SolarLove;8;0;1
614;SolarLove;19;0;2
615;SolarLove;23;0;5
616;SolarLove;13;0;1
617;SolarLove;11;0;1
618;SolarLove;11;0;1
619;SolarLove;9;0;1
620;SolarLove;11;0;1
621;SolarLove;30;0;4
622;SolarLove;13;0;2
623;SolarLove;11;0;2
624;SolarLove;19;0;5
625;SolarLove;14;0;1
626;SolarLove;20;3;3
627;SolarLove;15;0;2
628;SolarLove;10;0;1
629;SolarLove;5;0;2
630;SolarLove;8;0;1
631;SolarLove;20;0;4
632;SolarLove;14;1;3
633;SolarLove;13;0;3
634;SolarLove;5;0;1
635;SolarLove;8;0;1
636;SolarLove;9;0;1
637;SolarLove;14;0;1
638;SolarLove;14;0;2
639;SolarLove;15;1;2
640;SolarLove;9;0;1
641;SolarLove;9;0;1
642;SolarLove;13;0;1
643;SolarLove;13;1;1
644;SolarLove;30;0;2
645;SolarLove;13;0;1
646;SolarLove;30;0;3
647;SolarLove;15;0;3
648;SolarLove;7;0;1
649;SolarLove;9;1;1
650;SolarLove;12;0;1
651;SolarLove;12;0;2
652;SolarLove;6;0;1
653;SolarLove;5;0;2
654;SolarLove;41;0;6
655;SolarLove;7;0;2
656;SolarLove;7;1;1
657;SolarLove;6;0;1
658;SolarLove;6;0;1
659;SolarLove;23;0;2
660;SolarLove;9;0;0
661;SolarLove;11;0;1
662;SolarLove;19;0;2
663;SolarLove;23;0;2
664;SolarLove;7;0;1
665;SolarLove;8;0;1
666;SolarLove;27;0;2
667;SolarLove;10;0;1
668;SolarLove;7;0;1
669;SolarLove;11;0;1
670;SolarLove;5;0;1
671;SolarLove;7;0;1
672;SolarLove;9;0;0
673;SolarLove;13;0;2
674;SolarLove;19;0;1
675;SolarLove;6;0;2
676;SolarLove;4;0;1
677;SolarLove;7;0;1
678;SolarLove;8;0;2
679;SolarLove;8;0;1
680;SolarLove;10;0;1
681;SolarLove;46;0;4
682;SolarLove;15;0;4
683;SolarLove;16;0;2
684;SolarLove;8;0;1
685;SolarLove;8;0;1
686;SolarLove;6;0;2
687;SolarLove;8;0;1
688;SolarLove;11;0;2
689;SolarLove;13;0;1
690;SolarLove;22;0;3
691;SolarLove;7;0;1
692;SolarLove;6;0;1
693;SolarLove;8;0;2
694;SolarLove;13;0;2
695;SolarLove;6;0;2
696;SolarLove;6;0;1
697;SolarLove;13;0;1
698;SolarLove;29;0;7
699;SolarLove;9;0;2
700;SolarLove;9;0;1
701;SolarLove;7;0;1
702;SolarLove;9;0;2
703;SolarLove;6;1;1
704;SolarLove;7;0;1
705;SolarLove;18;0;4
706;SolarLove;8;0;1
707;SolarLove;8;0;4
708;SolarLove;8;0;1
709;SolarLove;8;0;1
710;SolarLove;6;0;1
711;SolarLove;6;0;1
712;SolarLove;10;0;1
713;SolarLove;5;0;1
714;SolarLove;5;0;1
715;SolarLove;10;0;1
716;SolarLove;21;0;3
717;SolarLove;5;0;1
718;SolarLove;7;0;1
719;SolarLove;8;0;1
720;SolarLove;7;0;1
721;SolarLove;20;0;2
722;SolarLove;25;0;2
723;SolarLove;10;0;3
724;SolarLove;11;0;1
725;SolarLove;11;0;1
726;SolarLove;7;0;1
727;SolarLove;6;0;1
728;SolarLove;6;0;1
729;SolarLove;5;0;1
730;SolarLove;6;0;1
731;SolarLove;9;0;1
732;SolarLove;12;0;1
733;SolarLove;6;0;1
734;SolarLove;7;0;1
735;SolarLove;3;0;1
736;SolarLove;6;0;1
737;SolarLove;7;0;1
738;SolarLove;9;0;1
739;SolarLove;11;0;3
740;SolarLove;9;0;1
741;SolarLove;11;0;1
742;SolarLove;8;0;1
743;SolarLove;7;1;0
744;SolarLove;12;0;1
745;SolarLove;9;0;2
746;SolarLove;11;0;1
747;SolarLove;9;0;1
748;SolarLove;10;0;1
749;SolarLove;15;0;1
750;SolarLove;12;0;0
751;SolarLove;9;0;1
752;SolarLove;7;0;2
753;SolarLove;10;0;1
754;SolarLove;7;0;1
755;SolarLove;20;2;1
756;SolarLove;8;0;1
757;SolarLove;10;0;1
758;SolarLove;10;0;1
759;SolarLove;9;0;1
760;SolarLove;12;0;1
761;SolarLove;8;0;1
762;SolarLove;8;0;1
763;SolarLove;9;0;1
764;SolarLove;19;0;1
765;SolarLove;23;0;1
766;SolarLove;10;0;1
767;SolarLove;13;0;1
768;SolarLove;10;0;1
769;SolarLove;10;0;1
770;SolarLove;14;0;1
771;SolarLove;3;0;0
772;SolarLove;9;0;4
773;SolarLove;9;0;1
774;SolarLove;11;1;3
775;SolarLove;10;0;1
776;SolarLove;8;0;1
777;SolarLove;12;0;1
778;SolarLove;12;0;1
779;SolarLove;12;0;1
780;SolarLove;9;0;1
781;SolarLove;8;0;1
782;SolarLove;12;0;1
783;SolarLove;12;1;2
784;SolarLove;13;0;0
785;SolarLove;9;0;1
786;SolarLove;8;0;1
787;SolarLove;13;0;1
788;SolarLove;8;0;1
789;SolarLove;11;0;1
790;SolarLove;7;0;1
791;SolarLove;14;0;1
792;SolarLove;12;0;1
793;SolarLove;10;0;1
794;SolarLove;12;0;1
795;SolarLove;9;0;1
796;SolarLove;8;0;1
797;SolarLove;11;0;1
798;SolarLove;9;0;1
799;SolarLove;9;0;1
800;SolarLove;9;0;1
801;SolarLove;8;0;1
802;SolarLove;17;1;1
803;SolarLove;22;0;6
804;SolarLove;10;0;1
805;SolarLove;10;0;1
806;SolarLove;12;0;1
807;SolarLove;10;1;1
808;SolarLove;11;0;1
809;SolarLove;12;0;1
810;SolarLove;11;0;2
811;SolarLove;13;0;0
812;SolarLove;8;0;1
813;SolarLove;11;0;1
814;SolarLove;13;0;1
815;SolarLove;12;0;1
816;SolarLove;13;0;3
817;SolarLove;23;0;4
818;SolarLove;10;0;1
819;SolarLove;15;0;2
820;SolarLove;12;0;1
821;SolarLove;10;0;1
822;SolarLove;8;0;1
823;SolarLove;20;0;4
824;SolarLove;13;0;5
825;SolarLove;17;0;2
826;SolarLove;11;0;1
827;SolarLove;217;0;2
828;SolarLove;9;0;1
829;SolarLove;10;0;1
830;SolarLove;10;0;1
831;SolarLove;9;0;1
832;SolarLove;7;0;2
833;SolarLove;9;0;1
834;SolarLove;13;0;1
835;SolarLove;13;0;1
836;SolarLove;9;0;1
837;SolarLove;8;0;1
838;SolarLove;10;0;0
839;SolarLove;9;0;1
840;SolarLove;8;0;1
841;SolarLove;13;0;7
842;SolarLove;10;0;1
843;SolarLove;11;0;1
844;SolarLove;8;0;1
845;SolarLove;9;0;1
846;SolarLove;10;1;1
847;SolarLove;8;0;1
848;SolarLove;10;0;1
849;SolarLove;9;0;1
850;SolarLove;11;2;1
851;SolarLove;9;0;1
852;SolarLove;14;0;2
853;SolarLove;9;0;1
854;SolarLove;9;0;1
855;SolarLove;9;0;1
856;SolarLove;0;0;0
857;SolarLove;14;0;0
858;SolarLove;7;0;1
859;SolarLove;16;0;1
860;SolarLove;8;0;1
861;SolarLove;9;0;1
862;SolarLove;9;0;1
863;SolarLove;8;0;1
864;SolarLove;22;0;1
865;SolarLove;18;0;9
866;SolarLove;5;0;15
867;SolarLove;13;0;1
868;SolarLove;10;0;1
869;SolarLove;7;0;2
870;SolarLove;7;0;1
871;SolarLove;20;0;1
872;SolarLove;8;0;1
873;SolarLove;9;0;1
874;SolarLove;6;0;1
875;SolarLove;10;0;1
876;SolarLove;19;0;1
877;SolarLove;17;0;1
878;SolarLove;10;0;1
879;SolarLove;9;0;1
880;SolarLove;6;0;1
881;SolarLove;11;0;1
882;SolarLove;10;0;1
883;SolarLove;19;0;1
884;SolarLove;7;0;1
885;SolarLove;5;0;1
886;SolarLove;7;0;1
887;SolarLove;14;0;1
888;SolarLove;9;0;1
889;SolarLove;9;0;1
890;SolarLove;9;0;1
891;SolarLove;9;0;1
892;SolarLove;9;0;1
893;SolarLove;7;0;1
894;SolarLove;13;1;1
895;SolarLove;10;0;1
896;SolarLove;13;0;1
897;SolarLove;8;0;1
898;SolarLove;9;0;1
899;SolarLove;11;0;1
900;SolarLove;10;0;1
901;SolarLove;11;0;1
902;SolarLove;11;0;1
903;SolarLove;9;0;1
904;SolarLove;8;0;1
905;SolarLove;13;0;1
906;SolarLove;12;0;1
907;SolarLove;9;0;1
908;SolarLove;8;0;1
909;SolarLove;12;0;1
910;SolarLove;8;0;1
911;SolarLove;15;0;1
912;SolarLove;10;0;1
913;SolarLove;10;0;1
914;SolarLove;7;0;1
915;SolarLove;8;0;1
916;SolarLove;10;0;1
917;SolarLove;9;0;1
918;SolarLove;8;0;1
919;SolarLove;9;0;1
920;SolarLove;6;0;1
921;SolarLove;10;5;1
922;SolarLove;7;0;1
923;SolarLove;9;0;1
924;SolarLove;8;0;1
925;SolarLove;15;0;1
926;SolarLove;6;0;1
927;SolarLove;12;0;1
928;SolarLove;7;0;1
929;SolarLove;8;1;1
930;SolarLove;10;0;1
931;SolarLove;8;0;1
932;SolarLove;11;0;1
933;SolarLove;14;1;1
934;SolarLove;13;0;1
935;SolarLove;17;0;1
936;SolarLove;5;0;0
937;SolarLove;11;0;1
938;SolarLove;14;0;1
939;SolarLove;18;0;2
940;SolarLove;10;0;1
941;SolarLove;4;0;1
942;SolarLove;10;0;1
943;SolarLove;8;1;1
944;SolarLove;11;0;1
945;SolarLove;11;0;0
946;SolarLove;6;0;0
947;SolarLove;13;0;1
948;SolarLove;19;0;1
949;SolarLove;21;0;1
950;SolarLove;10;0;1
951;SolarLove;19;0;1
952;SolarLove;10;0;1
953;SolarLove;17;0;1
954;SolarLove;12;0;1
955;SolarLove;15;0;2
956;SolarLove;11;0;1
957;SolarLove;8;0;3
958;SolarLove;7;0;1
959;SolarLove;9;0;1
960;SolarLove;8;0;1
961;SolarLove;6;0;0
962;SolarLove;13;0;3
963;SolarLove;11;0;1
964;SolarLove;7;1;1
965;SolarLove;27;0;3
966;SolarLove;7;0;1
967;SolarLove;6;0;1
968;SolarLove;8;0;1
969;SolarLove;10;0;1
970;SolarLove;4;0;1
971;SolarLove;9;0;1
972;SolarLove;8;0;1
973;SolarLove;13;1;3
974;SolarLove;14;0;2
975;SolarLove;12;0;2
976;SolarLove;16;0;2
977;SolarLove;5;0;1
978;SolarLove;13;0;1
979;SolarLove;3;0;0
980;SolarLove;18;0;5
981;SolarLove;14;0;1
982;SolarLove;5;0;1
983;SolarLove;10;0;1
984;SolarLove;9;0;1
985;SolarLove;9;2;1
986;SolarLove;7;0;2
987;SolarLove;10;0;1
988;SolarLove;39;1;10
989;SolarLove;10;0;2
990;SolarLove;31;12;0
991;SolarLove;6;0;1
992;SolarLove;6;1;1
993;SolarLove;5;1;1
994;SolarLove;19;1;4
995;SolarLove;3;0;0
996;SolarLove;10;0;1
997;SolarLove;9;0;4
998;SolarLove;13;0;3
999;SolarLove;7;0;1
1000;SolarLove;22;0;5
1001;SolarLove;16;0;1
1002;SolarLove;9;1;1
1003;SolarLove;10;0;1
1004;SolarLove;8;0;1
1005;SolarLove;6;0;2
1006;SolarLove;8;0;1
1007;SolarLove;9;0;1
1008;SolarLove;9;0;1
1009;SolarLove;11;0;1
1010;SolarLove;8;0;1
1011;SolarLove;6;0;1
1012;SolarLove;8;1;1
1013;SolarLove;6;0;1
1014;SolarLove;7;0;1
1015;SolarLove;7;0;1
1016;SolarLove;14;0;2
1017;SolarLove;14;1;1
1018;SolarLove;9;2;1
1019;SolarLove;35;1;1
1020;SolarLove;3;0;1
1021;SolarLove;3;0;1
1022;SolarLove;10;0;1
1023;SolarLove;14;0;1
1024;SolarLove;4;0;1
1025;SolarLove;3;0;1
1026;SolarLove;3;0;1
1027;SolarLove;3;0;1
1028;SolarLove;3;0;1
1029;SolarLove;3;0;1
1030;SolarLove;3;0;1
1031;SolarLove;3;0;1
1032;SolarLove;3;0;1
1033;SolarLove;3;0;1
1034;SolarLove;3;0;1
1035;SolarLove;3;0;1
1036;SolarLove;11;0;2
1037;SolarLove;7;0;1
1038;SolarLove;14;1;3
1039;SolarLove;8;2;5
1040;SolarLove;14;0;1
1041;SolarLove;12;1;1
1042;SolarLove;17;0;1
1043;SolarLove;19;0;4
1044;SolarLove;25;4;1
1045;SolarLove;10;0;1
1046;SolarLove;16;0;2
1047;SolarLove;13;0;1
1048;SolarLove;8;0;1
1049;SolarLove;11;0;0
1050;SolarLove;6;0;2
1051;SolarLove;11;1;1
1052;SolarLove;15;1;1
1053;SolarLove;13;0;1
1054;SolarLove;11;0;3
1055;SolarLove;16;0;1
1056;SolarLove;11;0;1
1057;SolarLove;3;0;1
1058;SolarLove;103;0;0
1059;SolarLove;5;0;1
1060;SolarLove;17;0;1
1061;SolarLove;12;2;1
1062;SolarLove;17;0;5
1063;SolarLove;13;1;5
1064;SolarLove;6;0;1
1065;SolarLove;2;0;1
1066;SolarLove;7;0;1
1067;SolarLove;8;0;1
1068;SolarLove;5;0;1
1069;SolarLove;30;1;4
1070;SolarLove;3;0;1
1071;SolarLove;23;0;1
1072;SolarLove;6;0;1
1073;SolarLove;9;1;2
1074;SolarLove;8;0;1
1075;SolarLove;2;0;1
1076;SolarLove;11;1;3
1077;SolarLove;7;0;1
1078;SolarLove;7;0;2
1079;SolarLove;9;0;1
1080;SolarLove;16;0;3
1081;SolarLove;7;0;1
1082;SolarLove;8;0;2
1083;SolarLove;8;0;1
1084;SolarLove;47;15;1
1085;SolarLove;8;0;1
1086;SolarLove;15;0;1
1087;SolarLove;8;0;1
1088;SolarLove;8;0;1
1089;SolarLove;10;0;1
1090;SolarLove;5;0;0
1091;SolarLove;10;0;2
1092;SolarLove;23;1;6
1093;SolarLove;13;0;1
1094;SolarLove;8;0;1
1095;SolarLove;11;0;1
1096;SolarLove;4;0;1
1097;SolarLove;10;0;1
1098;SolarLove;6;1;1
1099;SolarLove;10;0;3
1100;SolarLove;8;0;1
1101;SolarLove;6;0;1
1102;SolarLove;6;0;1
1103;SolarLove;9;0;1
1104;SolarLove;14;0;1
1105;SolarLove;14;1;2
1106;SolarLove;8;0;1
1107;SolarLove;11;0;1
1108;SolarLove;7;0;1
1109;SolarLove;11;0;1
1110;SolarLove;12;0;1
1111;SolarLove;11;0;1
1112;SolarLove;11;1;1
1113;SolarLove;20;0;1
1114;SolarLove;9;0;1
1115;SolarLove;8;0;1
1116;SolarLove;17;1;12
1117;SolarLove;5;0;1
1118;SolarLove;8;1;3
1119;SolarLove;7;0;1
1120;SolarLove;159;6;63
1121;SolarLove;14;2;2
1122;SolarLove;8;0;3
1123;SolarLove;9;0;1
1124;SolarLove;24;0;5
1125;SolarLove;8;0;1
1126;SolarLove;11;0;1
1127;SolarLove;10;1;2
1128;SolarLove;23;1;1
1129;SolarLove;15;0;1
1130;SolarLove;18;0;0
1131;SolarLove;16;0;1
1132;SolarLove;23;4;1
1133;SolarLove;13;0;1
1134;SolarLove;10;0;1
1135;SolarLove;10;0;1
1136;SolarLove;6;0;1
1137;SolarLove;15;0;2
1138;SolarLove;19;0;1
1139;SolarLove;7;0;1
1140;SolarLove;8;0;1
1141;SolarLove;4;0;1
1142;SolarLove;12;0;2
1143;SolarLove;9;0;1
1144;SolarLove;12;0;1
1145;SolarLove;17;0;1
1146;SolarLove;17;0;7
1147;SolarLove;3;0;1
1148;SolarLove;4;0;1
1149;SolarLove;3;0;1
1150;SolarLove;2;0;1
1151;SolarLove;14;0;3
1152;SolarLove;3;0;2
1153;SolarLove;9;0;1
1154;SolarLove;11;0;1
1155;SolarLove;16;0;1
1156;SolarLove;16;1;1
1157;SolarLove;9;0;1
1158;SolarLove;13;2;1
1159;SolarLove;16;0;2
1160;SolarLove;11;0;1
1161;SolarLove;7;0;1
1162;SolarLove;13;1;2
1163;SolarLove;7;0;1
1164;SolarLove;11;0;3
1165;SolarLove;24;1;5
1166;SolarLove;7;0;1
1167;SolarLove;7;0;1
1168;SolarLove;7;0;1
1169;SolarLove;18;0;3
1170;SolarLove;6;0;1
1171;SolarLove;14;0;1
1172;SolarLove;22;0;1
1173;SolarLove;18;1;1
1174;SolarLove;13;2;2
1175;SolarLove;5;0;1
1176;SolarLove;13;0;1
1177;SolarLove;10;0;1
1178;SolarLove;24;0;2
1179;SolarLove;8;0;1
1180;SolarLove;11;0;2
1181;SolarLove;10;0;1
1182;SolarLove;19;0;1
1183;SolarLove;6;0;1
1184;SolarLove;7;0;1
1185;SolarLove;9;0;1
1186;SolarLove;12;0;1
1187;SolarLove;9;0;1
1188;SolarLove;5;0;1
1189;SolarLove;14;0;2
1190;SolarLove;10;1;1
1191;SolarLove;14;0;1
1192;SolarLove;11;0;1
1193;SolarLove;12;0;1
1194;SolarLove;11;0;1
1195;SolarLove;5;1;1
1196;SolarLove;5;0;0
1197;SolarLove;9;0;1
1198;SolarLove;14;0;4
1199;SolarLove;9;0;2
1200;SolarLove;6;0;2
1201;SolarLove;14;0;1
1202;SolarLove;10;0;3
1203;SolarLove;11;1;1
1204;SolarLove;5;2;1
1205;SolarLove;1;1;0
1206;SolarLove;5;0;1
1207;SolarLove;10;0;1
1208;SolarLove;6;0;1
1209;SolarLove;7;0;1
1210;SolarLove;9;1;1
1211;SolarLove;7;0;1
1212;SolarLove;10;2;1
1213;SolarLove;9;0;4
1214;SolarLove;13;1;1
1215;SolarLove;20;0;4
1216;SolarLove;11;1;1
1217;SolarLove;5;0;1
1218;SolarLove;6;0;1
1219;SolarLove;12;0;1
1220;SolarLove;5;0;1
1221;SolarLove;24;0;7
1222;SolarLove;9;1;1
1223;SolarLove;21;0;1
1224;SolarLove;7;0;2
1225;SolarLove;7;0;1
1226;SolarLove;7;0;1
1227;SolarLove;9;0;1
1228;SolarLove;11;1;1
1229;SolarLove;6;0;0
1230;SolarLove;13;0;2
1231;SolarLove;9;0;2
1232;SolarLove;19;0;3
1233;SolarLove;5;0;2
1234;SolarLove;9;0;1
1235;SolarLove;2;0;0
1236;SolarLove;14;1;1
1237;SolarLove;15;0;1
1238;SolarLove;7;0;1
1239;SolarLove;9;2;1
1240;SolarLove;5;0;1
1241;SolarLove;3;1;1
1242;SolarLove;166;6;63
1243;SolarLove;4;0;1
1244;SolarLove;12;0;3
1245;SolarLove;8;0;1
1246;SolarLove;8;0;1
1247;SolarLove;9;0;2
1248;SolarLove;2;0;0
1249;SolarLove;6;0;1
1250;SolarLove;10;0;2
1251;SolarLove;9;0;2
1252;SolarLove;8;0;4
1253;SolarLove;16;0;2
1254;SolarLove;8;0;1
1255;SolarLove;16;1;1
1256;SolarLove;11;0;1
1257;SolarLove;5;0;2
1258;SolarLove;11;0;1
1259;SolarLove;12;0;2
1260;SolarLove;15;0;1
1261;SolarLove;8;0;1
1262;SolarLove;11;0;1
1263;SolarLove;10;0;1
1264;SolarLove;4;0;1
1265;SolarLove;4;0;1
1266;SolarLove;4;0;1
1267;SolarLove;10;0;1
1268;SolarLove;6;0;1
1269;SolarLove;9;0;1
1270;SolarLove;5;0;2
1271;SolarLove;10;0;1
1272;SolarLove;9;0;1
1273;SolarLove;2;0;0
1274;SolarLove;9;0;1
1275;SolarLove;13;0;1
1276;SolarLove;15;0;1
1277;SolarLove;9;0;1
1278;SolarLove;14;0;1
1279;SolarLove;5;0;1
1280;SolarLove;5;0;1
1281;SolarLove;5;0;1
1282;SolarLove;13;1;6
1283;SolarLove;10;0;0
1284;SolarLove;34;0;10
1285;SolarLove;0;0;0
